Start,End,Duration,Exposure Time [%],Equity Final [$],Equity Peak [$],Commissions [$],Return [%],Buy & Hold Return [%],Return (Ann.) [%],Volatility (Ann.) [%],CAGR [%],Sharpe Ratio,Sortino Ratio,Calmar Ratio,Alpha [%],Beta,Max. Drawdown [%],Avg. Drawdown [%],Max. Drawdown Duration,Avg. Drawdown Duration,# Trades,Win Rate [%],Best Trade [%],Worst Trade [%],Avg. Trade [%],Max. Trade Duration,Avg. Trade Duration,Profit Factor,Expectancy [%],SQN,Kelly Criterion,Strategy,Asset,Weight
2024-03-01 00:00:00,2025-02-28 00:00:00,364 days 00:00:00,76.4,192730.1922838563,202966.9793978614,96.9623858985901,-1.434976532831115,-22.672248769413798,-1.4463729230641542,56.043886346046975,-0.9956523107159221,-0.025807862683423156,-0.040307175938804306,-0.03594336304239779,-26.16100145348725,-1.0905854629653235,-40.24033369827005,-22.41166261073754,225 days 00:00:00,94 days 00:00:00,1,0.0,-1.4067249961473793,-1.4067249961473793,-1.4067249961473793,280 days 00:00:00,280 days 00:00:00,0.0,-1.4067249961473793,,,BollingerBandsBreakout,CZR,0.1955360892782144
2024-03-01 00:00:00,2025-02-28 00:00:00,364 days 00:00:00,91.60000000000001,152503.41112620634,208188.61701928513,92.16933844470977,-22.007537488785463,-22.672248769413798,-22.16246860326565,32.962077068273246,-15.808701583668395,-0.6723626231854647,-0.7763954610938187,-0.7254147766547806,-0.9907038834856152,0.926984959412266,-30.55144355546069,-11.004492575915199,178 days 00:00:00,55 days 00:00:00,6,33.33333333333333,3.632180867057655,-22.09378702814697,-9.694378283330973,332 days 00:00:00,134 days 00:00:00,0.08577235454098593,-9.227290470603112,-1.0526066560823226,-176.99577531357,LarryWilliamsPriceAction,CZR,0.1955360892782144
2024-03-01 00:00:00,2025-02-28 00:00:00,364 days 00:00:00,74.4,181081.68909713547,248788.9774533395,95.13338878154755,-7.392190482296476,-12.532907790690631,-7.449068810331594,35.02833155565524,-5.177831047532044,-0.2126583962041138,-0.29117533041344157,-0.24034012392948217,1.7896122849006417,0.7326155207187677,-30.993862733120725,-7.765402036843117,134 days 00:00:00,22 days 00:00:00,3,33.33333333333333,2.377278395410398,-7.374300128239897,-3.5441665830761693,270 days 00:00:00,177 days 00:00:00,0.1866054213060549,-3.4541071481905474,-1.014828305819687,-6216.129115040303,MACDBollingerBandsMeanReversion,CZR,0.1955360892782144
2024-03-01 00:00:00,2025-02-28 00:00:00,364 days 00:00:00,29.2,178034.50809074205,205252.28232196992,3385.6769935941693,-8.950563168198878,-24.051211829154244,-9.018837429314331,14.915857798027776,-6.2853825839795485,-0.6046475872481724,-0.8154280613787386,-0.5484989567993789,-10.162869967702315,-0.050405227317232765,-16.442761317070463,-12.04204411957383,274 days 00:00:00,158 days 00:00:00,37,45.94594594594595,5.763688634082264,-6.021564581234129,-0.20692395642636363,4 days 00:00:00,2 days 00:00:00,0.8297784172518125,-0.17416803921225243,-0.48488359951755605,-0.1445841500118203,MeanReversion,CZR,0.1955360892782144
2024-03-01 00:00:00,2025-02-28 00:00:00,364 days 00:00:00,95.6,164450.82244830794,225909.13808306403,92.8811287174225,-15.897457571465198,-22.672248769413798,-16.01386460226414,37.10468479721186,-11.295678425940391,-0.43158605684928125,-0.5428226240713035,-0.5168640997190123,6.15548632861463,0.9726844533317996,-30.982737262986358,-11.388916235861519,178 days 00:00:00,57 days 00:00:00,5,20.0,0.8869799719688487,-15.965533155675038,-8.188395844337693,347 days 00:00:00,228 days 00:00:00,0.02190017856955021,-7.922811674251425,-1.0080933653601132,-17710.647825091826,MichaelHarrisPriceAction,CZR,0.1955360892782144
2024-03-01 00:00:00,2025-02-28 00:00:00,364 days 00:00:00,56.00000000000001,133625.19806051537,204625.46628326035,1710.880971422196,-31.66213022170573,-15.190189498041523,-31.869946749922217,17.81765446343533,-23.169290998175896,-1.7886723987898876,-1.5562160737076132,-0.8957193977722436,-25.76055054703245,0.38851257750498575,-35.5802797496475,-10.668081137240963,245 days 00:00:00,69 days 00:00:00,21,38.095238095238095,11.691952229075998,-15.245286473688092,-1.7722561189136843,36 days 00:00:00,9 days 00:00:00,0.40623754479284513,-1.6400018296883936,-1.5273191363562708,-0.627040177961562,Momentum,CZR,0.1955360892782144
2024-03-01 00:00:00,2025-02-28 00:00:00,364 days 00:00:00,89.2,276287.4180436305,379615.2535266427,386.2741245985031,41.297404005314235,-22.672248769413798,41.68871325888932,48.99094445670013,27.039580105965744,0.850947327535913,1.9535662906677012,1.344850427556269,50.36095174707073,0.3997639508077273,-30.998773101215416,-3.3623998413999554,134 days 00:00:00,11 days 00:00:00,19,78.94736842105263,22.091343662971486,-8.06764588864045,12.554357354474233,206 days 00:00:00,75 days 00:00:00,12.538344832704466,13.017039361282814,2.4389293228413287,0.6938869312766307,RSIDivergence,CZR,0.1955360892782144
2024-03-01 00:00:00,2025-02-28 00:00:00,364 days 00:00:00,45.6,225239.66215564244,230860.0124137935,114.41536589431763,15.190839188342853,-22.672248769413798,15.321235279921531,30.77509154040276,10.285931029908246,0.49784531947881316,0.9048321674045375,0.7913673916901596,7.172777107571816,-0.35365093962747424,-19.360458164948223,-7.3072213890578235,53 days 00:00:00,23 days 00:00:00,7,57.14285714285714,15.440520927235536,-3.7358157513387447,2.7016342610463484,165 days 00:00:00,61 days 00:00:00,3.65594311526772,2.888101002774449,1.087122315105495,0.5672644051580679,Scalping,CZR,0.1955360892782144
2024-03-01 00:00:00,2025-02-28 00:00:00,364 days 00:00:00,82.8,173384.9090999736,238215.5643182458,92.21156175518036,-11.32843571742066,-22.672248769413798,-11.41368323120483,37.224532965214216,-7.986676472619736,-0.30661723121874357,-0.4105863984616488,-0.3682499047241384,8.50521296730378,0.8747984766063965,-30.994395612281266,-8.903420323410296,134 days 00:00:00,29 days 00:00:00,2,0.0,-7.374300128239897,-11.336902421067895,-9.377257456824095,302 days 00:00:00,286 days 00:00:00,0.0,-9.355601274653896,-1.0170406026855827,,VolumeSpikeReversal,CZR,0.1955360892782144
2024-03-01 00:00:00,2025-02-28 00:00:00,364 days 00:00:00,57.199999999999996,136555.56948863444,168615.9505295509,83.51358997799642,-14.37814245405716,-45.28176516240443,-14.4844048270654,46.78951314853504,-10.189351669527724,-0.30956519639527175,-0.3740634342163731,-0.37065223210259923,-43.18728358907617,-0.6362194811022527,-39.07815351576248,-26.582541832195616,175 days 00:00:00,103 days 00:00:00,1,0.0,-14.683316345149633,-14.683316345149633,-14.683316345149633,207 days 00:00:00,207 days 00:00:00,0.0,-14.683316345149633,,,BollingerBandsBreakout,INTC,0.1594868102637947
2024-03-01 00:00:00,2025-02-28 00:00:00,364 days 00:00:00,97.6,84954.36582145844,164370.5159921894,64.25846014643452,-46.73266981705757,-45.28176516240443,-47.00039688074795,31.48520672358139,-35.34132544741191,-1.4927771411310504,-1.1219405994090632,-0.8163180665285302,-2.905726493238106,0.9678717948965283,-57.5760831566813,-57.5760831566813,353 days 00:00:00,353 days 00:00:00,5,0.0,-22.77990079396689,-46.979428396203325,-31.068871900321703,354 days 00:00:00,217 days 00:00:00,0.0,-30.470698598078005,-1.007912848344814,,LarryWilliamsPriceAction,INTC,0.1594868102637947
2024-03-01 00:00:00,2025-02-28 00:00:00,364 days 00:00:00,49.2,170115.4779089325,201778.43336087876,80.60904248428345,6.664292569120754,-31.57097913252005,6.71935943176456,40.149048712978534,4.567760974647639,0.16736036462035694,0.3066367251856551,0.2504564428936935,19.27644451414591,0.3994856127865184,-26.828455096348225,-16.1212125637232,103 days 00:00:00,44 days 00:00:00,1,100.0,6.87093537293888,6.87093537293888,6.87093537293888,178 days 00:00:00,178 days 00:00:00,,6.87093537293888,,,MACDBollingerBandsMeanReversion,INTC,0.1594868102637947
2024-03-01 00:00:00,2025-02-28 00:00:00,364 days 00:00:00,33.6,206269.36572003798,214127.48374469284,3266.7477190020913,29.33318145799261,-45.715347603000026,29.599593868940733,31.92948646261296,19.491679468534628,0.9270300636873582,2.0240738558096587,1.705393299513985,32.661494695462125,0.0728051608919867,-17.35646192428235,-4.818157314080236,99 days 00:00:00,36 days 00:00:00,37,62.16216216216216,7.930725003857109,-5.130887553212271,0.759979884654638,14 days 00:00:00,2 days 00:00:00,1.9821235393425172,0.8052428590528465,1.50912079148399,0.2957192954521619,MeanReversion,INTC,0.1594868102637947
2024-03-01 00:00:00,2025-02-28 00:00:00,364 days 00:00:00,95.6,86306.82647074935,164678.1288730386,63.6746111088408,-45.884661980513656,-45.28176516240443,-46.14984737706646,31.850392523842146,-34.630427532278205,-1.4489569427604452,-1.1071250917771231,-0.8099095873700146,-2.4032580897748588,0.9602409211476499,-56.981480521704796,-29.94800017652243,333 days 00:00:00,173 days 00:00:00,4,25.0,18.415636961707516,-46.01966836283338,-26.45309876622004,347 days 00:00:00,287 days 00:00:00,0.16634493048780302,-23.072974130325758,-1.0106936756723075,-5105.8876215174405,MichaelHarrisPriceAction,INTC,0.1594868102637947
2024-03-01 00:00:00,2025-02-28 00:00:00,364 days 00:00:00,47.199999999999996,106457.14273394295,162185.25128427378,1381.7617491402125,-33.25019005781075,-43.76751537140226,-33.46569361814367,21.15198103081516,-24.409815079225062,-1.5821541050641703,-1.5287241228603352,-0.898820193549517,-20.219629534707785,0.29772218990564736,-37.23291249831049,-37.23291249831049,333 days 00:00:00,333 days 00:00:00,21,19.047619047619047,6.632157510964953,-13.890155596526943,-1.8995250269215003,22 days 00:00:00,7 days 00:00:00,0.3293402311468398,-1.7948330007945972,-1.9197333917432227,-0.42436443219399034,Momentum,INTC,0.1594868102637947
2024-03-01 00:00:00,2025-02-28 00:00:00,364 days 00:00:00,86.8,104951.16819962728,159486.8102637947,68.15863671629579,-34.194452803943015,-45.28176516240443,-34.414383562135384,37.62915490866932,-25.15173563205909,-0.9145670065050201,-0.8580515342953113,-0.7483775449854135,7.1551306885586925,0.913161917257425,-45.98532357462189,-45.98532357462189,317 days 00:00:00,317 days 00:00:00,4,25.0,21.157897146124593,-34.3305319451364,-16.97878158942889,316 days 00:00:00,269 days 00:00:00,0.2651801801091489,-14.657243768920758,-1.012190069270605,-3387.2809219623446,RSIDivergence,INTC,0.1594868102637947
2024-03-01 00:00:00,2025-02-28 00:00:00,364 days 00:00:00,90.8,95176.16764749965,159486.8102637947,107.53968201184034,-40.323486631856156,-45.28176516240443,-40.56943366129002,32.18294900163353,-30.050116126789007,-1.2605878242926343,-0.9961530516594141,-0.7660496140638761,-8.682017397720006,0.6987684583552133,-52.95927694039304,-52.95927694039304,331 days 00:00:00,331 days 00:00:00,16,12.5,11.39337619948958,-46.37919101565022,-36.684935797234616,316 days 00:00:00,210 days 00:00:00,0.02926302625335161,-35.02675657398828,-1.871604999961749,-1.5462694360575406,Scalping,INTC,0.1594868102637947
2024-03-01 00:00:00,2025-02-28 00:00:00,364 days 00:00:00,74.4,119003.02555241152,179161.40436939284,70.63513375609249,-25.383782297998252,-45.28176516240443,-25.55836611172888,41.23577274531741,-18.349007613553102,-0.6198105288236947,-0.6658043738746965,-0.5619859703943612,13.530313809628638,0.8593767484120881,-45.47865508776645,-13.593424336522114,225 days 00:00:00,67 days 00:00:00,3,0.0,-25.3431192564705,-33.84914669572,-28.37805637629609,270 days 00:00:00,251 days 00:00:00,0.0,-28.266368121473757,-1.0244581825090981,,VolumeSpikeReversal,INTC,0.1594868102637947
2024-03-01 00:00:00,2025-02-28 00:00:00,364 days 00:00:00,99.2,112711.16108771235,156488.80633553414,56.902265951156615,-2.682252364933444,-3.1463694992136215,-2.7034176947599464,39.67735865271321,-1.864697705755014,-0.06813502174936441,-0.10633662143825215,-0.09328430288505929,0.4498663839323145,0.9954707321084111,-28.98041375826087,-9.612047467092722,214 days 00:00:00,59 days 00:00:00,1,0.0,-2.644270953507455,-2.644270953507455,-2.644270953507455,360 days 00:00:00,360 days 00:00:00,0.0,-2.644270953507455,,,BollingerBandsBreakout,MHK,0.1158176836463271
2024-03-01 00:00:00,2025-02-28 00:00:00,364 days 00:00:00,96.8,112956.86851462656,157009.29227315242,58.95366624641419,-2.470102182700016,-3.1463694992136215,-2.4896149570797554,39.820792372017124,-1.7166402637105227,-0.06252047758922191,-0.09782916488086311,-0.08565662819964663,0.6590254181029711,0.9945200656137355,-29.065059055056597,-11.318356346408669,214 days 00:00:00,70 days 00:00:00,3,33.33333333333333,0.49785564897397716,-4.2368724150715025,-2.0713751928686297,352 days 00:00:00,328 days 00:00:00,0.0748211457757976,-2.052029160611006,-1.0080609065212205,-1610.260126454623,LarryWilliamsPriceAction,MHK,0.1158176836463271
2024-03-01 00:00:00,2025-02-28 00:00:00,364 days 00:00:00,56.00000000000001,137778.66008996876,139132.976820983,52.1596647567749,18.961678175764586,8.799032518246522,19.127036688269627,29.983512807446992,12.772940080456575,0.6379184724319245,1.3982375162721927,1.6211424988541032,22.538533168386223,-0.40650548627980687,-11.798491928864664,-5.394006413702108,72 days 00:00:00,28 days 00:00:00,1,100.0,19.0877648235659,19.0877648235659,19.08776482356589,204 days 00:00:00,204 days 00:00:00,,19.0877648235659,,,MACDBollingerBandsMeanReversion,MHK,0.1158176836463271
2024-03-01 00:00:00,2025-02-28 00:00:00,364 days 00:00:00,29.599999999999998,132453.09192124277,136667.60625418188,2353.662274095536,14.363444122846811,-10.161206443408124,14.486300995953583,13.767902903343627,9.73690186616225,1.0521791951652628,2.092886209304059,2.100056841282113,13.874196303818191,-0.048148595518990624,-6.898051858019949,-3.5092511369545965,72 days 00:00:00,48 days 00:00:00,37,48.64864864864865,5.225898529296458,-3.204125119924761,0.4149944959443097,4 days 00:00:00,2 days 00:00:00,1.9234960595441517,0.43025233224794207,1.3744600483790022,0.2227672572876187,MeanReversion,MHK,0.1158176836463271
2024-03-01 00:00:00,2025-02-28 00:00:00,364 days 00:00:00,86.8,123559.60065624339,171719.95827535732,60.5733083820343,6.684572481658176,-3.1463694992136215,6.739812152688884,41.82886541704634,4.581524550603278,0.1611282564203197,0.28281213697939345,0.23197802927315125,9.572890560192967,0.9179843878020921,-29.053665874335188,-9.027535046161823,214 days 00:00:00,50 days 00:00:00,2,50.0,6.7761059751761055,-1.3564753367886873,2.6292913509781135,316 days 00:00:00,299 days 00:00:00,4.995377203995337,2.709815319193709,0.9983519648653617,0.49958765143387807,MichaelHarrisPriceAction,MHK,0.1158176836463271
2024-03-01 00:00:00,2025-02-28 00:00:00,364 days 00:00:00,49.6,119530.51443434051,158944.48459085188,872.3555218009947,3.2057546577699734,-0.20368793128611143,3.2318107345500557,29.543905940236787,2.208573021903759,0.1093900969319209,0.22540089107393713,0.1275259465744562,3.304371437243926,0.4841562229596704,-25.342377934541805,-10.584252501238305,214 days 00:00:00,85 days 00:00:00,14,50.0,25.82005808849479,-8.266201448030197,0.2766295876218461,32 days 00:00:00,11 days 00:00:00,1.3125707095218262,0.5346424010941249,0.13325113795987292,0.06402489673236689,Momentum,MHK,0.1158176836463271
2024-03-01 00:00:00,2025-02-28 00:00:00,364 days 00:00:00,73.6,116371.1252176581,161746.87766459567,58.80115022659302,0.47785584541740805,-3.1463694992136215,0.48168788458797795,37.747510798491916,0.33058057381938344,0.012760785397463142,0.021066265569219787,0.016574712049468057,3.1434616561518243,0.8472004993058306,-29.061614050992645,-11.745884838965459,214 days 00:00:00,65 days 00:00:00,2,50.0,0.5323739923201565,-0.33199913645672874,0.09925443219156449,268 days 00:00:00,268 days 00:00:00,1.6035402923089943,0.10018742793171387,0.9949298275104369,0.49872923537969993,RSIDivergence,MHK,0.1158176836463271
2024-03-01 00:00:00,2025-02-28 00:00:00,364 days 00:00:00,88.0,118742.35838847262,165031.0961377631,59.38557584762573,2.525240231083042,-3.1463694992136215,2.545697146711623,40.329085602655276,1.7415250284321449,0.06312310603303174,0.10606802751976907,0.08761234662324531,5.430952481946357,0.9235127188938062,-29.056374413286157,-11.0581797055935,214 days 00:00:00,61 days 00:00:00,2,100.0,5.582110628078962,2.5667983057464205,4.063533696896826,319 days 00:00:00,319 days 00:00:00,,4.074454466912691,1.0168748814106268,,Scalping,MHK,0.1158176836463271
2024-03-01 00:00:00,2025-02-28 00:00:00,364 days 00:00:00,33.6,128083.08844552143,129578.44443459614,54.595200805664064,10.590269476161561,-3.1463694992136215,10.679363175417645,18.829687335748787,7.21747060233513,0.5671556295649434,0.919729254855356,0.8491154944521417,9.99481633369151,-0.18925086281788406,-12.57704428336699,-5.777350705753019,50 days 00:00:00,24 days 00:00:00,1,100.0,10.680500308539976,10.680500308539976,10.680500308539976,123 days 00:00:00,123 days 00:00:00,,10.680500308539976,,,VolumeSpikeReversal,MHK,0.1158176836463271
2024-03-01 00:00:00,2025-02-28 00:00:00,364 days 00:00:00,99.2,74962.17941897934,113682.43262102478,45.51746290969849,-30.421683067971273,-30.498045573253368,-30.623288445012463,31.7044801082833,-22.206469322992895,-0.9658978270711855,-0.9249837529513992,-0.8256398901995224,-0.038602258389119015,0.9962304219332652,-37.090369310538165,-14.515386561189118,344 days 00:00:00,120 days 00:00:00,1,0.0,-30.474998474121094,-30.474998474121094,-30.474998474121094,360 days 00:00:00,360 days 00:00:00,0.0,-30.474998474121094,,,BollingerBandsBreakout,BLDR,0.1077378452430951
2024-03-01 00:00:00,2025-02-28 00:00:00,364 days 00:00:00,97.6,75526.8086511075,114680.12085554856,46.62658832550049,-29.89760610053783,-30.498045573253368,-30.09653370908236,31.90978458838404,-21.80127636452085,-0.9431757091847701,-0.9106913833927518,-0.8095143689594093,0.37293692628311703,0.99254042211046,-37.178504623420054,-14.301909827537271,344 days 00:00:00,119 days 00:00:00,2,0.0,-28.372740146122176,-29.878970795847792,-29.12985692107596,354 days 00:00:00,352 days 00:00:00,0.0,-29.125855470984984,-1.0068970506703894,,LarryWilliamsPriceAction,BLDR,0.1077378452430951
2024-03-01 00:00:00,2025-02-28 00:00:00,364 days 00:00:00,0.0,107737.8452430951,107737.8452430951,,0.0,-23.749173565964295,0.0,0.0,0.0,,,,0.0,0.0,-0.0,,,,0,,,,,,,,,,,MACDBollingerBandsMeanReversion,BLDR,0.1077378452430951
2024-03-01 00:00:00,2025-02-28 00:00:00,364 days 00:00:00,44.0,102927.65981145833,118093.12460737581,1622.6634742393499,-4.464712859982738,-33.35411006507173,-4.499614700916011,22.506780243581556,-3.112610333652266,-0.19992263007940475,-0.26743436531660897,-0.1689557609763928,3.1170115938017613,0.22731005081511818,-26.631910477114275,-13.338935418552051,317 days 00:00:00,160 days 00:00:00,33,51.515151515151516,5.762314590298978,-14.364011838366952,-0.08924749743631777,66 days 00:00:00,4 days 00:00:00,0.9743752109205472,-0.027643672266981566,-0.1491386196189234,-0.04830635201482947,MeanReversion,BLDR,0.1077378452430951
2024-03-01 00:00:00,2025-02-28 00:00:00,364 days 00:00:00,53.6,121620.29733583803,122144.19468943757,50.194086456298834,12.885399797461282,-30.498045573253368,12.994909234440044,31.58451043461095,8.753072829250907,0.41143297950884045,0.6822643043109644,0.5338905344795515,2.219770455434391,-0.34971517490880116,-24.34002552060185,-7.497591194670987,122 days 00:00:00,38 days 00:00:00,3,100.0,15.16167893235022,1.2385593989582278,10.220480392349485,196 days 00:00:00,157 days 00:00:00,,10.416918419627574,2.0605748318142645,,MichaelHarrisPriceAction,BLDR,0.1077378452430951
2024-03-01 00:00:00,2025-02-28 00:00:00,364 days 00:00:00,47.599999999999994,85006.98412134523,118090.73940469712,782.5712963104248,-21.098306793180164,-28.901733291923055,-21.247742197837628,26.666852261336434,-15.130416696000049,-0.7967847869560581,-0.8001654951675916,-0.7256042050014916,-4.894780824697481,0.56064201426324,-29.28282671376463,-17.525072404781994,298 days 00:00:00,171 days 00:00:00,17,29.411764705882355,11.387642849697155,-12.516878680804822,-1.3401037619723555,25 days 00:00:00,9 days 00:00:00,0.4726595942888203,-1.2260845917643897,-1.1208691014211876,-0.3900790524963758,Momentum,BLDR,0.1077378452430951
2024-03-01 00:00:00,2025-02-28 00:00:00,364 days 00:00:00,86.0,84130.34160482758,122133.66789176148,49.726561561584475,-21.9119879230929,-30.498045573253368,-22.066345496754202,34.11105758361692,-15.737307762075847,-0.6468971371720932,-0.6976775678708359,-0.6505426119543488,6.170817384145721,0.9208067198859162,-33.9199079218852,-17.370199856439513,162 days 00:00:00,77 days 00:00:00,3,33.33333333333333,0.3874808526069806,-21.912732446523542,-12.3746714761533,312 days 00:00:00,203 days 00:00:00,0.010738094948649714,-11.899070497885182,-1.0043574135992945,-11381.000088458391,RSIDivergence,BLDR,0.1077378452430951
2024-03-01 00:00:00,2025-02-28 00:00:00,364 days 00:00:00,88.8,79122.7685942685,114864.79823762101,47.542194480896,-26.55991177868905,-30.498045573253368,-26.74105579176341,32.32655894440223,-19.24219317941178,-0.8272162786566548,-0.8361347482629913,-0.7868847703407744,1.9019129111888944,0.9332343812496241,-33.98344560688692,-18.126448759491087,162 days 00:00:00,81 days 00:00:00,2,0.0,-22.65546557130662,-26.54128163998172,-24.623409660000373,323 days 00:00:00,321 days 00:00:00,0.0,-24.59837360564417,-1.0057356871741385,,Scalping,BLDR,0.1077378452430951
2024-03-01 00:00:00,2025-02-28 00:00:00,364 days 00:00:00,81.2,123694.01578933686,129186.6070426442,62.89244203948975,14.810181612820392,-30.498045573253368,14.93710317518615,60.96706367758028,10.0334917908244,0.24500283061326186,0.4323852217938853,0.329083537965711,-12.191320559330157,-0.8853518861494105,-45.39000421449987,-7.880902304881792,238 days 00:00:00,37 days 00:00:00,2,100.0,14.171959899738983,3.087533320110747,8.488274575581167,296 days 00:00:00,273 days 00:00:00,,8.629746609924865,1.1139847844170745,,VolumeSpikeReversal,BLDR,0.1077378452430951
2024-03-01 00:00:00,2025-02-28 00:00:00,364 days 00:00:00,99.2,80968.22122733944,111605.39774198786,42.20370172657432,-8.41551793715193,-7.491366903692233,-8.479903611518102,32.041113761264775,-5.904467717966333,-0.26465695527006455,-0.3639401962804981,-0.3046868419019707,-1.0278679397110642,0.9861551426348844,-27.831538633514107,-6.062847853819638,114 days 00:00:00,26 days 00:00:00,1,0.0,-8.396455561535443,-8.396455561535443,-8.396455561535443,360 days 00:00:00,360 days 00:00:00,0.0,-8.396455561535443,,,BollingerBandsBreakout,URI,0.0884082318353633
2024-03-01 00:00:00,2025-02-28 00:00:00,364 days 00:00:00,87.6,85222.04904257719,117547.88882968656,43.36420464703477,-3.6039435770184043,-7.491366903692233,-3.632245077621654,32.78247275629293,-2.509093621080949,-0.11079838621765978,-0.1613175835735089,-0.13027662050317013,3.347681756830849,0.9279515238297886,-27.881020121590183,-6.056614952819138,114 days 00:00:00,21 days 00:00:00,1,0.0,-3.559258261671261,-3.559258261671261,-3.559258261671261,318 days 00:00:00,318 days 00:00:00,0.0,-3.559258261671261,,,LarryWilliamsPriceAction,URI,0.0884082318353633
2024-03-01 00:00:00,2025-02-28 00:00:00,364 days 00:00:00,40.0,106554.16241529047,106956.63866529048,39.498857359321626,20.525159482568448,2.405870229944327,20.70529910218464,23.783370557966848,13.796977106505338,0.8705788379203835,1.4577375338239027,1.6246908808500289,21.352613729445068,-0.34393137110132854,-12.74414680739252,-4.991618552144085,44 days 00:00:00,20 days 00:00:00,1,100.0,20.644046752244638,20.644046752244638,20.644046752244627,147 days 00:00:00,147 days 00:00:00,,20.644046752244638,,,MACDBollingerBandsMeanReversion,URI,0.0884082318353633
2024-03-01 00:00:00,2025-02-28 00:00:00,364 days 00:00:00,32.4,91315.97941873132,94063.98347923745,1724.1034037095803,3.2890009482181757,-10.123795977260587,3.315744451159719,14.498597644859057,2.265641143884145,0.2286941490741639,0.38024175150758927,0.24044501287797418,3.3005148330024987,0.0011373090499042866,-13.790032121990647,-7.240647017595419,315 days 00:00:00,159 days 00:00:00,40,52.5,5.163747712825472,-3.629039820842439,0.13198262157918528,4 days 00:00:00,2 days 00:00:00,1.2022336622082583,0.15244025585100546,0.4121660258350377,0.07859176290687175,MeanReversion,URI,0.0884082318353633
2024-03-01 00:00:00,2025-02-28 00:00:00,364 days 00:00:00,94.0,101724.56621285531,102866.45654262826,55.33965309396376,15.062324063091909,-7.491366903692233,15.191545969621622,37.99115511152822,10.200732883642605,0.39987059948624265,0.662352449386132,0.5328169283215906,8.409932484151518,-0.8880077113379213,-28.511755468198096,-6.007590322940702,255 days 00:00:00,48 days 00:00:00,5,100.0,12.568124956886429,9.826173790921777,11.526238594479675,341 days 00:00:00,232 days 00:00:00,,11.531042140080176,5.8503811745013605,,MichaelHarrisPriceAction,URI,0.0884082318353633
2024-03-01 00:00:00,2025-02-28 00:00:00,364 days 00:00:00,56.00000000000001,83792.50682398837,100671.40230795121,795.7624514109492,-5.220922210016016,-4.066689140320744,-5.261571060963033,22.120747859429947,-3.64419815352085,-0.2378568344252455,-0.31313626677977696,-0.2851033652664946,-3.325817224057527,0.4660068474791314,-18.45495950580901,-6.159168036024248,129 days 00:00:00,38 days 00:00:00,18,50.0,13.778678544589917,-8.806160083626791,-0.25505853950963386,20 days 00:00:00,10 days 00:00:00,0.9354091932143975,-0.11996958728999628,-0.18914583715399041,-0.07113436113675509,Momentum,URI,0.0884082318353633
2024-03-01 00:00:00,2025-02-28 00:00:00,364 days 00:00:00,78.8,96863.38452939034,133531.50130282785,97.62080572327886,9.563761788350776,-7.491366903692233,9.64384840240764,34.34757785148778,6.527497343536814,0.2807722991154066,0.4833413784102383,0.34639516672662984,14.451427654438126,0.6524397922198136,-27.840597470051964,-4.816043916775301,114 days 00:00:00,17 days 00:00:00,11,81.81818181818183,10.941692345218556,-1.585335966615531,6.156424601139143,262 days 00:00:00,64 days 00:00:00,41.10190415657309,6.237566604164059,2.035700053300345,0.7268466938309908,RSIDivergence,URI,0.0884082318353633
2024-03-01 00:00:00,2025-02-28 00:00:00,364 days 00:00:00,87.6,85222.04904257719,117547.88882968656,43.36420464703477,-3.6039435770184043,-7.491366903692233,-3.632245077621654,32.78247275629293,-2.509093621080949,-0.11079838621765978,-0.1613175835735089,-0.13027662050317013,3.347681756830849,0.9279515238297886,-27.881020121590183,-6.056614952819138,114 days 00:00:00,21 days 00:00:00,1,0.0,-3.559258261671261,-3.559258261671261,-3.559258261671261,318 days 00:00:00,318 days 00:00:00,0.0,-3.559258261671261,,,Scalping,URI,0.0884082318353633
2024-03-01 00:00:00,2025-02-28 00:00:00,364 days 00:00:00,21.2,106962.0801464021,107360.8975214021,39.2830328359687,20.986561913816338,-7.491366903692233,21.17109501597949,14.566431219124706,14.09840026303668,1.4534167427491314,2.9923006328119803,1.6836572789891096,19.858754486843516,-0.1505476158719399,-12.57446826036407,-3.24771565982203,44 days 00:00:00,13 days 00:00:00,1,100.0,21.16159174781074,21.16159174781074,21.16159174781074,79 days 00:00:00,79 days 00:00:00,,21.16159174781074,,,VolumeSpikeReversal,URI,0.0884082318353633
2024-03-01 00:00:00,2025-02-28 00:00:00,364 days 00:00:00,16.0,87971.22065648763,88972.57767298809,30.66988487434387,24.607620511190923,-42.013803807024644,24.827122607727368,19.735689465838313,16.451815471571596,1.25798101204937,3.190395057828891,2.3123891934156573,18.792514687438782,-0.13840941064183923,-10.736567476798719,-4.809848507484802,18 days 00:00:00,11 days 00:00:00,1,100.0,24.847157957886555,24.847157957886555,24.847157957886566,59 days 00:00:00,59 days 00:00:00,,24.847157957886555,,,BollingerBandsBreakout,ON,0.0705985880282394
2024-03-01 00:00:00,2025-02-28 00:00:00,364 days 00:00:00,90.4,48964.60855544773,80356.03055972973,30.669639265060425,-30.643643275327392,-42.013803807024644,-30.846373202529055,33.37414254031443,-22.37836194266879,-0.9242596469787367,-0.9242581972680562,-0.7674523726749739,7.7530984477582265,0.9139077694428074,-40.19320846584039,-9.256135638131118,227 days 00:00:00,41 days 00:00:00,2,0.0,-30.471354969463604,-30.62228699662971,-30.546861982760188,329 days 00:00:00,267 days 00:00:00,0.0,-30.546820983046658,-1.0138034460504568,,LarryWilliamsPriceAction,ON,0.0705985880282394
2024-03-01 00:00:00,2025-02-28 00:00:00,364 days 00:00:00,14.799999999999999,52605.52847114102,70722.52198148648,31.551038879394532,-25.486429770948348,-25.234388989521676,-25.661592104681986,15.04250658191304,-18.426787555773128,-1.7059385658196906,-1.4922369781162985,-0.9548156003210675,-20.951984527100514,0.1796930865150218,-26.87596651756945,-26.87596651756945,53 days 00:00:00,53 days 00:00:00,2,0.0,-14.773335774739582,-25.535879664605265,-20.336152612028123,53 days 00:00:00,31 days 00:00:00,0.0,-20.154607719672423,-1.0083977445100247,,MACDBollingerBandsMeanReversion,ON,0.0705985880282394
2024-03-01 00:00:00,2025-02-28 00:00:00,364 days 00:00:00,26.8,49676.19435845677,74615.75899667756,978.9357916698453,-29.635711214810257,-36.029915316317485,-29.83328885255041,15.015783834399931,-21.599140343367097,-1.9867953069625834,-1.6100381497631948,-0.8007738229679506,-33.93388776897907,-0.11929466157313519,-37.255574541607395,-19.602399254925974,315 days 00:00:00,164 days 00:00:00,34,32.35294117647059,9.66191122262423,-10.878171242498125,-0.9871773923866956,4 days 00:00:00,2 days 00:00:00,0.46059421114261945,-0.9220707485204279,-1.5474947292517098,-0.466327643168093,MeanReversion,ON,0.0705985880282394
2024-03-01 00:00:00,2025-02-28 00:00:00,364 days 00:00:00,87.2,50846.169137109915,84954.90568620602,33.17312930870056,-27.97848999930216,-42.013803807024644,-28.167344724123044,34.139914040587286,-20.32538011204511,-0.8250561114663691,-0.8601167439979455,-0.7015663306743445,9.379388169160283,0.889181049639125,-40.14922537267237,-8.53475494129043,227 days 00:00:00,39 days 00:00:00,4,25.0,5.683209488124641,-30.672454708814755,-14.353933019872834,317 days 00:00:00,137 days 00:00:00,0.09929612846742766,-12.8879364877848,-1.0195124847949457,-270.94827933168017,MichaelHarrisPriceAction,ON,0.0705985880282394
2024-03-01 00:00:00,2025-02-28 00:00:00,364 days 00:00:00,46.800000000000004,46749.61631268326,79119.77897123258,618.102922068596,-33.78108880310264,-37.157743407177215,-33.99909480521558,20.53841506750331,-24.826549302885525,-1.655390383993665,-1.4235791357924894,-0.8176544251180968,-18.51030068322686,0.4109718922523736,-41.581252128984644,-11.945904307359251,282 days 00:00:00,76 days 00:00:00,20,35.0,7.340259417540529,-10.184050955827416,-2.007266798104479,31 days 00:00:00,7 days 00:00:00,0.3367925518336967,-1.9088580251380043,-1.9203222039561263,-0.6831188954015767,Momentum,ON,0.0705985880282394
2024-03-01 00:00:00,2025-02-28 00:00:00,364 days 00:00:00,88.0,48699.68245606057,82721.46663094632,118.4269501142502,-31.018900212875767,-42.013803807024644,-31.223518360379266,31.87744081712201,-22.669357680071055,-0.979486356495986,-0.9308735578612679,-0.7395848571251143,-22.24412258600926,0.2088546342333177,-42.217627983555694,-12.010718505845915,205 days 00:00:00,40 days 00:00:00,30,43.333333333333336,12.999262922884647,-37.5618658649476,-5.592062735161596,196 days 00:00:00,65 days 00:00:00,0.35074899077906996,-4.510998129057023,-1.1242424529667898,-1.8035126653387163,RSIDivergence,ON,0.0705985880282394
2024-03-01 00:00:00,2025-02-28 00:00:00,364 days 00:00:00,98.0,106904.17276077763,107901.88184643474,35.30840253257752,51.425369467751956,-42.013803807024644,51.92884320966176,67.42750480083129,33.27629342953331,0.7701433319095852,1.8772961038730847,2.9103570558842993,15.543960930715187,-0.8540385607988547,-17.84277400076033,-4.118560265190459,252 days 00:00:00,28 days 00:00:00,2,100.0,41.84862056404952,37.47228411161385,39.64330942448164,357 days 00:00:00,319 days 00:00:00,,39.660452337831686,1.6239480314733425,,Scalping,ON,0.0705985880282394
2024-03-01 00:00:00,2025-02-28 00:00:00,364 days 00:00:00,58.8,43666.401105892335,70986.5108279182,28.322935378074646,-38.14833649587185,-42.013803807024644,-38.38560398823846,23.357684098475804,-28.29474930824707,-1.6433822731057184,-1.3479711879001173,-0.9690042048332749,-13.07593518530851,0.5967658016809055,-39.61345451007926,-22.2631192292533,212 days 00:00:00,107 days 00:00:00,1,0.0,-38.380466907159295,-38.380466907159295,-38.380466907159295,213 days 00:00:00,213 days 00:00:00,0.0,-38.380466907159295,,,VolumeSpikeReversal,ON,0.0705985880282394
2024-03-01 00:00:00,2025-02-28 00:00:00,364 days 00:00:00,38.4,32679.55973105767,40208.3616712127,15.803200492858887,2.5100794299006726,17.781224650260107,2.530412018918393,25.69869023454792,1.7311090843968868,0.09846462974664152,0.15411341992756486,0.13513932554288874,-2.460734894769061,0.27955410397433,-18.724468312632837,-6.635706875768648,57 days 00:00:00,20 days 00:00:00,1,100.0,2.6155203465620724,2.6155203465620724,2.6155203465620724,141 days 00:00:00,141 days 00:00:00,,2.6155203465620724,,,BollingerBandsBreakout,NCLH,0.0318793624127517
2024-03-01 00:00:00,2025-02-28 00:00:00,364 days 00:00:00,96.39999999999999,52311.69139407947,64612.85453218295,47.632433355093006,64.09265253421398,17.781224650260107,64.74409178972084,61.21424317774441,40.89898447408296,1.0576638446991333,3.1085918330624054,3.4007357984462017,62.2760981976009,0.10216137371542117,-19.038259843444017,-4.529829094518357,71 days 00:00:00,16 days 00:00:00,10,90.0,37.660820996450205,-13.961986877218614,14.43691387183188,172 days 00:00:00,90 days 00:00:00,12.05380978174876,15.43331471160469,1.8002223620304338,0.897989996067362,LarryWilliamsPriceAction,NCLH,0.0318793624127517
2024-03-01 00:00:00,2025-02-28 00:00:00,364 days 00:00:00,21.6,35668.29415772298,35668.29415772298,15.706900200843812,11.885218079065812,25.04127252589748,11.98578390049201,20.86850257301344,8.085073987574564,0.5743480567691372,0.9716222042153689,0.8610647437075288,15.883010403530015,-0.1596481297158409,-13.919724373900422,-7.031104992780768,65 days 00:00:00,26 days 00:00:00,2,100.0,13.86754123219468,11.967086323789477,12.913315506289159,80 days 00:00:00,79 days 00:00:00,,12.917313777992078,1.0329264616617377,,MACDBollingerBandsMeanReversion,NCLH,0.0318793624127517
2024-03-01 00:00:00,2025-02-28 00:00:00,364 days 00:00:00,34.8,31544.509102520507,38152.36405551151,699.7012602128981,-1.0503764344335034,8.552312384515647,-1.058734805910433,18.576694323303556,-0.728364200962639,-0.056992637521213974,-0.08034646538156441,-0.06112911987429811,-1.5150174811749821,0.05432928848374771,-17.31964746241309,-5.872328884065876,108 days 00:00:00,46 days 00:00:00,42,47.61904761904761,9.940124103289206,-7.196711307426684,0.02546322505612153,8 days 00:00:00,2 days 00:00:00,1.0621061177913842,0.07051866044338553,0.05657040509414838,-0.011588489697469562,MeanReversion,NCLH,0.0318793624127517
2024-03-01 00:00:00,2025-02-28 00:00:00,364 days 00:00:00,72.8,23165.98856701806,36982.22927316621,18.61322561645508,-27.332334106683092,17.781224650260107,-27.517704244583786,50.164748190060614,-19.83118695797651,-0.5485466435578761,-0.6175352797009033,-0.450633498449317,-9.678596096472809,-0.9928302666122628,-61.06448885685474,-20.529697385055464,205 days 00:00:00,65 days 00:00:00,3,33.33333333333333,3.288740997904782,-31.215162847061162,-19.744833567573984,266 days 00:00:00,170 days 00:00:00,0.05625778975937362,-18.389890013732025,-1.0599616289853806,-20.81480027637645,MichaelHarrisPriceAction,NCLH,0.0318793624127517
2024-03-01 00:00:00,2025-02-28 00:00:00,364 days 00:00:00,62.8,29905.768053997308,35677.80137728336,232.68867046856883,-6.190821300632286,17.11340082529207,-6.238769908799579,33.71960947259302,-4.327916693559908,-0.18501904400376856,-0.2426121027058107,-0.1947743131586087,-15.830151376612989,0.5632620993563499,-32.030763233749525,-10.88135957343297,223 days 00:00:00,69 days 00:00:00,16,37.5,25.342464695937615,-16.555609965881825,-0.35939404893847726,46 days 00:00:00,13 days 00:00:00,0.9895089901506704,-0.027825454492665103,-0.19644067643641855,-0.06156246235762591,Momentum,NCLH,0.0318793624127517
2024-03-01 00:00:00,2025-02-28 00:00:00,364 days 00:00:00,76.4,47423.71197057584,58579.170571306735,21.232370429039,48.75991356592005,17.781224650260107,49.23332131465183,60.43145903263131,31.64771557776853,0.8146968830930792,1.9622329982784426,1.813668956937044,36.54093774305395,0.6871841542526914,-27.14570436150483,-7.432578288924854,66 days 00:00:00,19 days 00:00:00,3,100.0,49.081703435069656,41.29652539693116,44.807828318795394,280 days 00:00:00,277 days 00:00:00,,44.843367613333804,1.0405295173750009,,RSIDivergence,NCLH,0.0318793624127517
2024-03-01 00:00:00,2025-02-28 00:00:00,364 days 00:00:00,88.0,40116.567530156164,51315.24019995787,19.84457535982132,25.83867585165251,17.781224650260107,26.07026126491334,58.79544877748907,17.247096517194937,0.4434061106256038,0.8459438966213016,0.9604882544204192,9.838814620769101,0.899817731657159,-27.142717409537443,-8.715710026782036,83 days 00:00:00,24 days 00:00:00,3,100.0,44.594594119625675,30.199120657419186,37.171986684909974,319 days 00:00:00,313 days 00:00:00,,37.29777060405213,1.0518033576800485,,Scalping,NCLH,0.0318793624127517
2024-03-01 00:00:00,2025-02-28 00:00:00,364 days 00:00:00,82.8,18073.717432344463,34606.194496601136,18.904545760631564,-43.30590054362254,17.781224650260107,-43.5627083813916,85.19363213804748,-32.489338181199365,-0.5113376116046178,-0.5846804176623835,-0.5578775260793282,-12.950207415693253,-1.7071767397913866,-78.08650885713784,-23.123633279396483,205 days 00:00:00,61 days 00:00:00,1,0.0,-44.594594119625675,-44.594594119625675,-44.594594119625675,302 days 00:00:00,302 days 00:00:00,0.0,-44.594594119625675,,,VolumeSpikeReversal,NCLH,0.0318793624127517
2024-03-01 00:00:00,2025-02-28 00:00:00,364 days 00:00:00,64.4,32310.904791476634,33916.025073299774,13.044300653659004,14.134761602163703,-45.22013328753066,14.25554323063647,53.18015806261533,9.584941162513738,0.2680613174156369,0.4588552616527797,0.4021064434219522,-11.875115770955148,-0.5751835627669636,-35.452163137006366,-9.972204614663118,198 days 00:00:00,46 days 00:00:00,1,100.0,14.288636942107747,14.288636942107747,14.288636942107757,233 days 00:00:00,233 days 00:00:00,,14.288636942107747,,,BollingerBandsBreakout,ALB,0.0283094338113237
2024-03-01 00:00:00,2025-02-28 00:00:00,364 days 00:00:00,94.39999999999999,36754.95507074574,44784.85928741076,59.12044193921669,29.832886505995216,-45.22013328753066,30.10434192128537,45.82573555915291,19.811114692535646,0.6569309047407651,1.341431911427812,1.48430936150662,32.90415419276109,0.0679181475922976,-20.281716670390416,-6.698791394875707,144 days 00:00:00,27 days 00:00:00,12,75.0,37.317126383671805,-12.298798015817757,9.619064911478791,140 days 00:00:00,66 days 00:00:00,5.484616988675298,10.816326442174095,1.0659766095241985,0.47386929932483984,LarryWilliamsPriceAction,ALB,0.0283094338113237
2024-03-01 00:00:00,2025-02-28 00:00:00,364 days 00:00:00,64.0,22461.627772024087,32193.638501975685,14.609030043701768,-20.656739651785294,-30.253217713881803,-20.803475586630306,34.69646853694461,-14.801876524881386,-0.5995848126295297,-0.7408856555376119,-0.6456596517709642,-4.26995004321973,0.5416544370103953,-32.22049810541662,-19.04012636171338,88 days 00:00:00,58 days 00:00:00,3,0.0,-8.841555411369361,-20.667314080551613,-14.851826306672955,232 days 00:00:00,213 days 00:00:00,0.0,-14.714812972728605,-1.0053388734661062,,MACDBollingerBandsMeanReversion,ALB,0.0283094338113237
2024-03-01 00:00:00,2025-02-28 00:00:00,364 days 00:00:00,30.4,23343.117431818235,28993.716962470564,482.49351567493835,-17.54297317496669,-40.81000820524454,-17.670118058693063,19.050608399462458,-12.500862434859917,-0.927535629738295,-0.9944288976829375,-0.7536851207827217,-17.609796295833434,-0.0016374199321566411,-23.44496072888129,-18.04332729697013,252 days 00:00:00,163 days 00:00:00,38,42.10526315789473,5.670101361516744,-6.473356664478636,-0.46056784039559817,4 days 00:00:00,2 days 00:00:00,0.7280380457993385,-0.4067452538190846,-0.8631251823423123,-0.18308575889781376,MeanReversion,ALB,0.0283094338113237
2024-03-01 00:00:00,2025-02-28 00:00:00,364 days 00:00:00,92.80000000000001,18549.70256697805,32014.235759164272,12.619765689245419,-34.47519052974414,-45.22013328753066,-34.696416601701785,35.33192576886325,-25.372945574962525,-0.9820131749591323,-1.0007526706854686,-0.7561109145123125,1.5766923205036463,0.7972529099154382,-45.88799861999186,-21.28139169658776,290 days 00:00:00,113 days 00:00:00,2,0.0,-22.248282234446748,-34.541512290098694,-28.659199179009896,338 days 00:00:00,297 days 00:00:00,0.0,-28.39489726227272,-1.0091169257821222,,MichaelHarrisPriceAction,ALB,0.0283094338113237
2024-03-01 00:00:00,2025-02-28 00:00:00,364 days 00:00:00,53.2,18726.178288559553,29375.521880393506,252.32752437399947,-33.85180921184963,-36.15776590775354,-34.07014598515305,22.786974393000186,-24.882139441088704,-1.4951588305474588,-1.3502698570389384,-0.9398028246759844,-20.655908957183236,0.3649534179830704,-36.2524405019738,-36.2524405019738,344 days 00:00:00,344 days 00:00:00,22,22.727272727272727,14.22104650134257,-7.835596427231861,-1.826523515564693,25 days 00:00:00,8 days 00:00:00,0.3788252053694688,-1.7195064645825233,-1.804839700712327,-0.41667542380197564,Momentum,ALB,0.0283094338113237
2024-03-01 00:00:00,2025-02-28 00:00:00,364 days 00:00:00,87.2,19234.713318739345,33201.56893853904,13.795440107841642,-32.05546445423607,-45.22013328753066,-32.2652128339327,34.708566376599734,-23.475712805624028,-0.929603731938801,-0.9786451332958683,-0.7030010888478896,0.5864056182326038,0.721843738604583,-45.89639098114401,-11.608413276821327,290 days 00:00:00,63 days 00:00:00,3,0.0,-2.8248874770843813,-32.93278500650304,-23.796401843261094,317 days 00:00:00,264 days 00:00:00,0.0,-22.619675695476456,-1.0066627671299337,,RSIDivergence,ALB,0.0283094338113237
2024-03-01 00:00:00,2025-02-28 00:00:00,364 days 00:00:00,39.6,35189.45373889946,35898.50708910021,13.918030723459728,24.30292309422227,-45.22013328753066,24.51944959071448,36.4836957561116,16.254603573708827,0.67206594843416,1.2988291724480587,1.4744948095357773,12.82852438185677,-0.25374535363277084,-16.62905113815495,-4.815653258908829,54 days 00:00:00,13 days 00:00:00,2,100.0,22.2321489376614,20.31925572077078,21.27193073968032,144 days 00:00:00,91 days 00:00:00,,21.275702329216088,1.2312708880760803,,Scalping,ALB,0.0283094338113237
2024-03-01 00:00:00,2025-02-28 00:00:00,364 days 00:00:00,57.99999999999999,23526.028582559917,33623.65840160501,12.848624983333544,-16.896859402572847,-45.22013328753066,-17.019819294486283,35.615220518791766,-12.026770922418939,-0.4778804973425916,-0.6202764042844028,-0.531664691635756,6.8748488964989,0.5256885942356728,-32.01231821906762,-14.87280336941907,88 days 00:00:00,42 days 00:00:00,1,0.0,-16.987632161032383,-16.987632161032383,-16.987632161032383,211 days 00:00:00,211 days 00:00:00,0.0,-16.987632161032383,,,VolumeSpikeReversal,ALB,0.0283094338113237
2024-03-01 00:00:00,2025-02-28 00:00:00,364 days 00:00:00,99.2,12058.913986342122,18057.21675312816,4.32478546498068,125.8268757419846,147.7221008909298,127.30334728615706,177.57479860302246,75.76062464603976,0.7168998545269377,2.640649749707011,3.6706148593902435,-20.342019217833666,0.9894856225186078,-34.68175010529557,-8.148820996072168,115 days 00:00:00,17 days 00:00:00,1,100.0,127.14589776787975,127.14589776787975,127.14589776787975,360 days 00:00:00,360 days 00:00:00,,127.14589776787975,,,BollingerBandsBreakout,VST,0.0053398932021359
2024-03-01 00:00:00,2025-02-28 00:00:00,364 days 00:00:00,97.6,11399.576041462535,17079.288205643687,5.120921045791328,113.47947627309898,147.7221008909298,114.77858543071204,167.56572855705667,69.05023600134308,0.6849764950094169,2.38090997490158,3.3033552360826617,-32.113308904383075,0.9855856659186027,-34.74606187581089,-8.045852239317863,115 days 00:00:00,17 days 00:00:00,2,100.0,114.62722803819653,86.73411053037323,100.19546579109182,354 days 00:00:00,346 days 00:00:00,,100.6806692842849,1.0199629179975604,,LarryWilliamsPriceAction,VST,0.0053398932021359
2024-03-01 00:00:00,2025-02-28 00:00:00,364 days 00:00:00,61.199999999999996,0.0,6673.357779063239,3.828210912866978,-100.0,104.22582283021926,0,69675.81913961409,-100.0,0.0,0.0,0.0,,,-100.0,-20.777537376379314,213 days 00:00:00,45 days 00:00:00,1,0.0,-90.56031369190067,-90.56031369190067,-90.56031369190067,223 days 00:00:00,223 days 00:00:00,0.0,-90.56031369190067,,,MACDBollingerBandsMeanReversion,VST,0.0053398932021359
2024-03-01 00:00:00,2025-02-28 00:00:00,364 days 00:00:00,37.2,6814.909752589047,8985.781024731445,149.91403491443006,27.622585220677355,93.1715329031517,27.87185284235314,41.967917218411024,18.395296432969822,0.6641228512080165,1.176156114699807,1.1536859398750003,5.640786305277697,0.23592827369545277,-24.15896031928152,-7.417176826770149,134 days 00:00:00,40 days 00:00:00,47,55.319148936170215,9.513313730478924,-20.58035952620991,0.5735701771479418,4 days 00:00:00,2 days 00:00:00,1.533695690856825,0.693555394523711,0.6418167424156246,0.12641073178358042,MeanReversion,VST,0.0053398932021359
2024-03-01 00:00:00,2025-02-28 00:00:00,364 days 00:00:00,57.599999999999994,0.0,5649.660504884949,3.99769785615697,-100.0,147.7221008909298,0,4956.345406535523,-100.0,0.0,0.0,0.0,,,-100.0,-100.0,354 days 00:00:00,354 days 00:00:00,1,0.0,-104.87767309042195,-104.87767309042195,0,208 days 00:00:00,208 days 00:00:00,0.0,-104.87767309042195,,,MichaelHarrisPriceAction,VST,0.0053398932021359
2024-03-01 00:00:00,2025-02-28 00:00:00,364 days 00:00:00,63.2,8779.653510377195,13549.168161740425,59.558865065681935,64.41627534545871,119.31212145741321,65.07160120917774,95.77366029995379,41.09130486485495,0.6794310774526088,1.6635411497292998,1.8397874980495639,-10.662498613852648,0.6292635906747303,-35.36908543957543,-7.1388770311152845,119 days 00:00:00,20 days 00:00:00,15,40.0,50.12080870769,-9.999995685211683,3.4406105061344228,39 days 00:00:00,15 days 00:00:00,2.705783073281528,4.4543240335749195,0.8348461732658308,0.20477950720176785,Momentum,VST,0.0053398932021359
2024-03-01 00:00:00,2025-02-28 00:00:00,364 days 00:00:00,62.0,0.0,5646.843092405661,4.001365631564138,-100.0,147.7221008909298,0,237701412062.20956,-100.0,0.0,0.0,0.0,,,-100.0,-28.20391830873451,315 days 00:00:00,83 days 00:00:00,1,0.0,-104.45497254064841,-104.45497254064841,0,220 days 00:00:00,220 days 00:00:00,0.0,-104.45497254064841,,,RSIDivergence,VST,0.0053398932021359
2024-03-01 00:00:00,2025-02-28 00:00:00,364 days 00:00:00,62.0,8837.358230986287,13240.83576393637,4.4818923183667225,65.49690970320225,147.7221008909298,66.16525095100113,111.03054115739646,41.732655107678276,0.5959193773288516,1.5603520726224829,1.9895258112851413,-48.110978013081095,0.7690649336226636,-33.256794446040104,-8.398338368362952,50 days 00:00:00,15 days 00:00:00,2,100.0,67.61746111921137,65.86512795166861,66.73899254665008,225 days 00:00:00,225 days 00:00:00,,66.74129453543999,1.0303317340934026,,Scalping,VST,0.0053398932021359
2024-03-01 00:00:00,2025-02-28 00:00:00,364 days 00:00:00,54.400000000000006,0.0,6226.2106620281465,4.825985514580317,-100.0,147.7221008909298,0,1201.0218022768004,-100.0,0.0,0.0,0.0,,,-100.0,-33.83813128126037,213 days 00:00:00,74 days 00:00:00,2,0.0,-90.3056221275933,-95.30477420576176,-93.25334949433302,195 days 00:00:00,153 days 00:00:00,0.0,-92.80519816667753,-1.0321500041010814,,VolumeSpikeReversal,VST,0.0053398932021359
2024-03-01 00:00:00,2025-02-28 00:00:00,364 days 00:00:00,96.7123287671233,47671.65735130236,128534.4368808739,,-59.91203264005264,-47.80393772019127,-59.91203264005285,46.29990731829065,-60.01257713495083,-1.293998975595892,-0.9329418351230354,-0.8841827377204904,-15.079934720326683,0.9378327405189869,-67.75978548790935,-26.668188159712443,347 days 00:00:00,118 days 00:00:00,1,0.0,-59.9391614737802,-59.9391614737802,-59.9391614737802,352 days 00:00:00,352 days 00:00:00,0.0,-59.9391614737802,,,BollingerBandsBreakout,AVAX-USD,0.118917621647567
2024-03-01 00:00:00,2025-02-28 00:00:00,364 days 00:00:00,98.63013698630137,67053.04420679019,180883.9865554039,,-43.6138704442698,-47.80393772019127,-43.61387044426876,67.96788497771827,-43.70255410055901,-0.6416835018268787,-0.6784391646476079,-0.6434462864882315,3.609145385817861,0.9878478234679349,-67.78168024296531,-20.481183413243453,347 days 00:00:00,90 days 00:00:00,2,0.0,-15.92865042000533,-43.620539079845045,-31.153087446494776,359 days 00:00:00,299 days 00:00:00,0.0,-29.774594749925186,-1.000164365351982,,LarryWilliamsPriceAction,AVAX-USD,0.118917621647567
2024-03-01 00:00:00,2025-02-28 00:00:00,364 days 00:00:00,19.726027397260275,174707.63930587695,176660.77882080004,,46.91484481892291,-51.31471592290817,46.91484481891934,44.04123749141615,47.07018962469485,1.0652481058931025,3.024682930738902,2.7381766087400754,40.41543357587323,-0.12665784319675405,-17.133608062084203,-4.829910300201299,14 days 00:00:00,6 days 00:00:00,1,100.0,46.91959626358005,46.91959626358005,46.91959626358005,71 days 00:00:00,71 days 00:00:00,,46.91959626358005,,,MACDBollingerBandsMeanReversion,AVAX-USD,0.118917621647567
2024-03-01 00:00:00,2025-02-28 00:00:00,364 days 00:00:00,31.780821917808222,129409.67192752763,163971.31421626967,,8.822956711206038,-60.77764127328613,8.82295671120188,47.82000657992543,8.848237703011952,0.18450346083611177,0.3301370208630561,0.27400080068527793,6.226070006207563,-0.042727665151097195,-32.200477842165434,-10.576043178441056,187 days 00:00:00,61 days 00:00:00,58,50.0,13.443271189274242,-11.837353791403803,0.1458966513476545,1 days 00:00:00,1 days 00:00:00,1.1376902571883523,0.29579158451780146,0.1890808959884965,0.02860798522872804,MeanReversion,AVAX-USD,0.118917621647567
2024-03-01 00:00:00,2025-02-28 00:00:00,364 days 00:00:00,90.68493150684932,57649.830095557416,138231.6513846199,,-51.52120493427569,-47.80393772019127,-51.52120493427586,52.92233058026786,-51.6175397672866,-0.9735248687911259,-0.8423020256879379,-0.8473441377042401,-10.10542852678283,0.8663674664189808,-60.803164430765186,-25.820633545050452,238 days 00:00:00,66 days 00:00:00,2,0.0,-18.29582478606785,-51.528935470645834,-37.06917806740353,330 days 00:00:00,274 days 00:00:00,0.0,-34.91238012835684,-1.00016444690629,,MichaelHarrisPriceAction,AVAX-USD,0.118917621647567
2024-03-01 00:00:00,2025-02-28 00:00:00,364 days 00:00:00,50.41095890410959,80092.53365896153,128534.4368808739,,-32.64872560575619,-54.35613832759708,-32.648725605754926,48.08474761553062,-32.72181910350943,-0.6789829878447756,-0.7566118651820851,-0.5972536099278786,-8.392797845138038,0.44624082039145174,-54.664760602614734,-22.303179864614233,347 days 00:00:00,118 days 00:00:00,27,29.629629629629626,63.50116242968564,-14.91491072240294,-1.45401785945245,34 days 00:00:00,6 days 00:00:00,0.8049550236848686,-0.7467027828977889,-0.7761083778773482,-0.20725778839715314,Momentum,AVAX-USD,0.118917621647567
2024-03-01 00:00:00,2025-02-28 00:00:00,364 days 00:00:00,94.52054794520548,118176.54313117906,283333.12027961656,,-0.6231864597698252,-47.80393772019127,-0.6231864597681103,108.9009849145013,-0.6248931500776655,-0.005722505267122947,-0.010740949108598553,-0.010459466642055675,32.90052467462256,0.7012750985204458,-59.58109348161093,-11.74068326186561,185 days 00:00:00,23 days 00:00:00,9,77.77777777777779,40.58356492095944,-36.09805269784571,13.747528124799558,315 days 00:00:00,88 days 00:00:00,3.320239279990846,18.55156805663357,-0.010231833608402888,-0.00877012107466879,RSIDivergence,AVAX-USD,0.118917621647567
2024-03-01 00:00:00,2025-02-28 00:00:00,364 days 00:00:00,90.95890410958904,56570.79848464891,135643.47914871143,,-52.4285823237314,-47.80393772019127,-52.42858232373171,51.981681475815655,-52.52557840651133,-1.008597275717677,-0.8561904575349852,-0.8622510424548193,-10.97812335129516,0.8670929833240187,-60.80431306231664,-26.143396561301568,238 days 00:00:00,66 days 00:00:00,2,0.0,-31.03103504234701,-52.434770295332946,-42.724135443418255,331 days 00:00:00,298 days 00:00:00,0.0,-41.73290266883998,-1.0003247491454246,,Scalping,AVAX-USD,0.118917621647567
2024-03-01 00:00:00,2025-02-28 00:00:00,364 days 00:00:00,87.94520547945206,108979.5708239548,261276.66983924792,,-8.357088449906398,-47.80393772019127,-8.357088449906435,77.24550178764879,-8.37905759632248,-0.10818867450535088,-0.15849025484472545,-0.14026589799637204,-2.7496959248290125,0.11729980400147984,-59.58032971152112,-12.08164377920118,98 days 00:00:00,19 days 00:00:00,6,66.66666666666666,21.394528126573785,-30.367390803943074,-2.180576573463533,207 days 00:00:00,111 days 00:00:00,0.9620936730710489,-0.3031639473874248,-0.3238871684582195,-0.2952167924692066,VolumeSpikeReversal,AVAX-USD,0.118917621647567
2024-03-01 00:00:00,2025-02-28 00:00:00,364 days 00:00:00,98.08219178082192,57407.738421095775,109219.56210578815,,-5.359567135073827,13.877649047998423,-5.359567135074272,95.16950792197953,-5.373888318972075,-0.05631601184139855,-0.09604658001530418,-0.11049916648597434,-18.842495132618254,0.9715570663958442,-48.50323586607834,-17.71698108860299,224 days 00:00:00,44 days 00:00:00,1,0.0,-5.361323869803236,-5.361323869803236,-5.361323869803236,357 days 00:00:00,357 days 00:00:00,0.0,-5.361323869803236,,,BollingerBandsBreakout,SOL-USD,0.0606587868242635
2024-03-01 00:00:00,2025-02-28 00:00:00,364 days 00:00:00,98.63013698630137,60065.200598448675,125012.54909850971,,-0.9785659372557461,13.877649047998423,-0.9785659372561817,101.26679292937698,-0.9812410722355502,-0.00966324605479142,-0.017345536876563105,-0.018835722335493438,-14.524984739247625,0.9761321067523092,-51.95266312734941,-18.124342769313433,224 days 00:00:00,44 days 00:00:00,1,100.0,8.400196140196115,8.400196140196115,8.400196140196115,359 days 00:00:00,359 days 00:00:00,,8.400196140196115,,,LarryWilliamsPriceAction,SOL-USD,0.0606587868242635
2024-03-01 00:00:00,2025-02-28 00:00:00,364 days 00:00:00,90.41095890410958,75476.54095832721,79682.56377784626,,24.4280423494006,-20.091161342991075,24.428042349404812,123.03284813356254,24.50277541000223,0.19854894623658645,0.4162838488731533,0.42704019878706545,7.504308485095322,-0.8423472180322331,-57.203144853314704,-17.046942924415184,175 days 00:00:00,55 days 00:00:00,1,100.0,24.43340571253931,24.43340571253931,24.43340571253931,329 days 00:00:00,329 days 00:00:00,,24.43340571253931,,,MACDBollingerBandsMeanReversion,SOL-USD,0.0606587868242635
2024-03-01 00:00:00,2025-02-28 00:00:00,364 days 00:00:00,32.054794520547944,79591.7565317525,80403.865761794,,31.212245906500435,-22.71975647067933,31.212245906503888,55.23601910283751,31.31020356620602,0.565070517634398,1.3380027464041475,1.22224326228941,30.626400213325606,-0.02578573823759444,-25.536852498609452,-8.389642881917974,248 days 00:00:00,63 days 00:00:00,59,50.847457627118644,18.05792606916794,-9.361081655746172,0.4626452160147787,1 days 00:00:00,1 days 00:00:00,1.3427859461061946,0.5959083447735022,0.7079234491260058,0.10738067168173793,MeanReversion,SOL-USD,0.0606587868242635
2024-03-01 00:00:00,2025-02-28 00:00:00,364 days 00:00:00,92.87671232876711,80215.44625739947,152528.35125617878,,32.2404394433311,13.877649047998423,32.24043944333512,114.74964539235724,32.342002603552935,0.2809633034864477,0.6406928415089753,0.665109964795691,30.87702668334412,0.09824522548966048,-48.47384816018923,-12.446444850443717,67 days 00:00:00,18 days 00:00:00,8,87.5,28.83035419214435,-0.385272249588009,14.318051484768946,206 days 00:00:00,129 days 00:00:00,308.5933804185044,14.813399204027181,2.309341335448438,0.8682182108205255,MichaelHarrisPriceAction,SOL-USD,0.0606587868242635
2024-03-01 00:00:00,2025-02-28 00:00:00,364 days 00:00:00,54.24657534246575,64763.726952895064,80349.18066032307,,6.767263810475015,-0.4846672984875791,6.767263810473945,67.86716600608837,6.786472257603071,0.09971336964132041,0.1816301722654996,0.14915002913316514,6.993980374476587,0.4677777203228875,-45.37219234755865,-22.981991687138066,348 days 00:00:00,175 days 00:00:00,22,36.36363636363637,25.918079191521336,-15.464672928871082,0.297241888784483,22 days 00:00:00,8 days 00:00:00,1.2305199092394508,0.8112594256648665,0.14711718916753497,0.029500785792444972,Momentum,SOL-USD,0.0606587868242635
2024-03-01 00:00:00,2025-02-28 00:00:00,364 days 00:00:00,91.5068493150685,89592.57161209003,170478.6560694875,,47.69924738463948,13.877649047998423,47.699247384638795,131.33627284349112,47.85758459713878,0.36318411016186164,0.9710684411189345,0.9832534113313901,38.14677923800243,0.6883347542222797,-48.51165206744705,-10.862390223425265,170 days 00:00:00,23 days 00:00:00,7,100.0,36.78602382480566,1.2109042952858307,20.49968220303451,303 days 00:00:00,126 days 00:00:00,,21.294281488398518,2.321163741762264,,RSIDivergence,SOL-USD,0.0606587868242635
2024-03-01 00:00:00,2025-02-28 00:00:00,364 days 00:00:00,88.21917808219179,53811.15410224811,102392.50436775104,,-11.288772955275018,13.877649047998423,-11.288772955274663,80.53207949705451,-11.317960904674141,-0.1401773433118358,-0.2188277858701909,-0.2327035759026109,-22.835363891527695,0.8320278814024372,-48.51138583276066,-19.353493589592233,170 days 00:00:00,40 days 00:00:00,2,0.0,-2.212904594925158,-11.31014651920773,-6.872543448302304,321 days 00:00:00,321 days 00:00:00,0.0,-6.761525557066444,-1.0009104369874293,,Scalping,SOL-USD,0.0606587868242635
2024-03-01 00:00:00,2025-02-28 00:00:00,364 days 00:00:00,87.94520547945206,60802.559257277404,66347.43618751422,,0.23701831266496903,13.877649047998423,0.23701831266089712,1492.562844683381,0.23767023505805174,0.00015879955306751328,0.001689454948156895,0.0026169929705031117,27.492985126649106,-1.964019029427414,-90.56895273789398,-39.39855560470784,175 days 00:00:00,80 days 00:00:00,1,100.0,0.23740771805493832,0.23740771805493832,0.23740771805493832,320 days 00:00:00,320 days 00:00:00,,0.23740771805493832,,,VolumeSpikeReversal,SOL-USD,0.0606587868242635
2024-03-01 00:00:00,2025-02-28 00:00:00,364 days 00:00:00,32.87671232876712,0.0,19363.517879647192,,-100.0,-26.141488442379902,0,283.31617873462676,-100.0,0.0,0.0,0.0,,,-100.0,-52.29919369226914,205 days 00:00:00,104 days 00:00:00,1,0.0,-133.13074596259526,-133.13074596259526,0,119 days 00:00:00,119 days 00:00:00,0.0,-133.13074596259526,,,BollingerBandsBreakout,LINK-USD,0.0173096538069238
2024-03-01 00:00:00,2025-02-28 00:00:00,364 days 00:00:00,98.63013698630137,13619.386641758854,26395.93553950208,,-21.319127501491987,-26.141488442379902,-21.31912750149073,91.55997415603396,-21.3709382402659,-0.2328433106059998,-0.3585396348022042,-0.3781755826707921,4.41991848096653,0.984605220134713,-56.373622408217116,-22.059876209596275,267 days 00:00:00,60 days 00:00:00,1,0.0,-21.32957931895905,-21.32957931895905,-21.32957931895905,359 days 00:00:00,359 days 00:00:00,0.0,-21.32957931895905,,,LarryWilliamsPriceAction,LINK-USD,0.0173096538069238
2024-03-01 00:00:00,2025-02-28 00:00:00,364 days 00:00:00,55.89041095890411,24112.847672051364,46744.78112465757,,39.30288809361577,-16.32117596139159,39.30288809361606,122.00524018266998,39.429803513098264,0.32214098373783434,0.8724373753271053,0.8117754964905252,49.77251832005995,0.6414752375202938,-48.415957692158294,-12.69869741045392,78 days 00:00:00,17 days 00:00:00,1,100.0,39.30962268540341,39.30962268540341,39.30962268540341,203 days 00:00:00,203 days 00:00:00,,39.30962268540341,,,MACDBollingerBandsMeanReversion,LINK-USD,0.0173096538069238
2024-03-01 00:00:00,2025-02-28 00:00:00,364 days 00:00:00,34.52054794520548,6971.260604008604,19621.896800707753,,-59.726169675212546,-19.50288478138188,-59.72616967521297,20.818527251367815,-59.8266698183562,-2.8688950449791712,-1.470507806603482,-0.9217156912495656,-60.96963761388839,-0.06375815437636688,-64.79890734445725,-22.376552196275593,317 days 00:00:00,109 days 00:00:00,52,40.38461538461539,11.718897147764984,-34.43475643344654,-1.7528586256079892,23 days 00:00:00,2 days 00:00:00,0.49328946499543364,-1.4980995158478978,-1.3242105998357596,-0.44833671610649095,MeanReversion,LINK-USD,0.0173096538069238
2024-03-01 00:00:00,2025-02-28 00:00:00,364 days 00:00:00,85.47945205479452,39626.4586483373,76821.67258705039,,128.92692765748356,-26.141488442379902,128.92692765748376,225.74837139419122,129.44841291843758,0.5711090045135148,2.5537552030902395,2.6628109305882997,140.0741965006204,0.4264205868654811,-48.4176049363744,-9.004787354640326,78 days 00:00:00,13 days 00:00:00,10,100.0,57.416771849750624,13.930225976786447,31.2908466114747,206 days 00:00:00,79 days 00:00:00,,31.721847984526548,2.2700569696630044,,MichaelHarrisPriceAction,LINK-USD,0.0173096538069238
2024-03-01 00:00:00,2025-02-28 00:00:00,364 days 00:00:00,49.86301369863014,11746.639064835483,18170.660549630098,,-32.138220695454535,-30.404150229410092,-32.13822069545495,49.90790567029826,-32.21046194800836,-0.6439504976980309,-0.8170620709052702,-0.6017304470178242,-17.663152667786907,0.47608855759651586,-53.409663504201845,-44.3820632445274,274 days 00:00:00,176 days 00:00:00,23,21.73913043478261,65.30948539239887,-13.588050699588884,-1.6708653635388093,27 days 00:00:00,7 days 00:00:00,0.8624382637233763,-0.6999351722649544,-0.7141564769590175,-0.13102854955635942,Momentum,LINK-USD,0.0173096538069238
2024-03-01 00:00:00,2025-02-28 00:00:00,364 days 00:00:00,86.84931506849315,19714.30978129285,38219.74408934491,,13.891993457472815,-26.141488442379902,13.891993457470498,122.18918770516825,13.932701595247355,0.11369249373349347,0.2561889221785833,0.2808369259917726,36.74258286156463,0.8741120251992625,-49.46640620143191,-16.44383058041516,187 days 00:00:00,35 days 00:00:00,2,100.0,57.68248836974343,13.868066076137664,33.99626862243499,316 days 00:00:00,260 days 00:00:00,,35.77527722294055,1.0046174316547818,,RSIDivergence,LINK-USD,0.0173096538069238
2024-03-01 00:00:00,2025-02-28 00:00:00,364 days 00:00:00,95.61643835616438,14284.605036591463,27685.09194931882,,-17.476078979247575,-26.141488442379902,-17.47607897924667,94.20743653653967,-17.519615179136373,-0.1855063636347681,-0.29870763912909115,-0.33241533661644274,7.581040648213943,0.9585192397399823,-52.573022523962045,-22.770654891382673,251 days 00:00:00,58 days 00:00:00,1,0.0,-17.4851873378675,-17.4851873378675,-17.4851873378675,348 days 00:00:00,348 days 00:00:00,0.0,-17.4851873378675,,,Scalping,LINK-USD,0.0173096538069238
2024-03-01 00:00:00,2025-02-28 00:00:00,364 days 00:00:00,66.84931506849315,0.0,24252.100170992788,,-100.0,-26.141488442379902,0,7300.71147355188,-100.0,0.0,0.0,0.0,,,-100.0,-26.80741238213114,205 days 00:00:00,46 days 00:00:00,1,0.0,-95.17246460378783,-95.17246460378783,-95.17246460378783,243 days 00:00:00,243 days 00:00:00,0.0,-95.17246460378783,,,VolumeSpikeReversal,LINK-USD,0.0173096538069238
