Start,End,Duration,Exposure Time [%],Equity Final [$],Equity Peak [$],Return [%],Buy & Hold Return [%],Return (Ann.) [%],Volatility (Ann.) [%],CAGR [%],Sharpe Ratio,Sortino Ratio,Calmar Ratio,Alpha [%],Beta,Max. Drawdown [%],Avg. Drawdown [%],Max. Drawdown Duration,Avg. Drawdown Duration,# Trades,Win Rate [%],Best Trade [%],Worst Trade [%],Avg. Trade [%],Max. Trade Duration,Avg. Trade Duration,Profit Factor,Expectancy [%],SQN,Kelly Criterion,Strategy,Asset,Weight,Commissions [$]
2024-03-01 00:00:00,2025-02-28 00:00:00,364 days 00:00:00,0.0,195536.08927821438,195536.08927821438,0.0,-22.672248769413798,0.0,0.0,0.0,,,,0.0,0.0,-0.0,,,,0,,,,,,,,,,,BollingerBandsBreakout,CZR,0.1955360892782144,
2024-03-01 00:00:00,2025-02-28 00:00:00,364 days 00:00:00,15.6,197789.5860478181,201916.42080174724,1.1524710235957416,-22.672248769413798,1.161744141469212,13.44966827615474,0.7964569748138528,0.08637715946711472,0.12199790484509546,0.09081401765980127,3.4640073679411083,0.10195443636203241,-12.792564093147229,-5.593356965778154,325 days 00:00:00,111 days 00:00:00,3,33.33333333333333,6.860636321851543,-2.9737910688016456,0.442898268044134,25 days 00:00:00,19 days 00:00:00,1.309627268416399,0.5406729418775402,0.14452093215503603,0.06750767170042776,LarryWilliamsPriceAction,CZR,0.1955360892782144,282.8666489753723
2024-03-01 00:00:00,2025-02-28 00:00:00,364 days 00:00:00,74.4,170178.94312818424,243105.39555252163,-12.968013344048861,-12.532907790690631,-13.06466573097782,32.20971750215182,-9.16792478729157,-0.4056125524883916,-0.5147682675245884,-0.4138863854633238,-4.023853524722869,0.713654003420472,-31.565826250488094,-7.13889436129657,134 days 00:00:00,24 days 00:00:00,3,33.33333333333333,2.377278395410398,-11.461189048945041,-4.541472321224105,168 days 00:00:00,89 days 00:00:00,0.15339753004120665,-4.373407578756275,-1.1534708071408688,-2.1476051029885275,MACDBollingerBandsMeanReversion,CZR,0.1955360892782144,264.55616132164005
2024-03-01 00:00:00,2025-02-28 00:00:00,364 days 00:00:00,16.0,175441.87921713435,195620.4393448686,-10.276471282234455,-22.672248769413798,-10.354272438834577,8.746384031411072,-7.232318898190194,-1.1838346454545172,-1.2918396801142624,-1.0037918021699395,-9.033340370786004,0.05483050773179182,-10.315159395057128,-10.315159395057128,337 days 00:00:00,337 days 00:00:00,20,35.0,4.551829250201633,-5.117914912920396,-0.8452556608082418,9 days 00:00:00,4 days 00:00:00,0.4827414296548861,-0.8085213234854444,-1.056587045369862,-0.42370066933079775,MeanReversion,CZR,0.1955360892782144,1002.866845137596
2024-03-01 00:00:00,2025-02-28 00:00:00,364 days 00:00:00,95.6,164439.38099678225,225922.49807985968,-15.903308896183784,-22.672248769413798,-16.019754572281798,37.115014942192666,-11.299951039944345,-0.4316246294722733,-0.5428532235379523,-0.5168762386090457,6.156637123536015,0.9729932943167053,-30.9934049500751,-11.390971331144357,178 days 00:00:00,57 days 00:00:00,2,0.0,-7.63231632871001,-15.965533155675038,-11.897394754967006,347 days 00:00:00,301 days 00:00:00,0.0,-11.798924742192524,-1.0118022371933209,,MichaelHarrisPriceAction,CZR,0.1955360892782144,89.97190371608734
2024-03-01 00:00:00,2025-02-28 00:00:00,364 days 00:00:00,58.4,124436.98873114955,196435.66091097347,-36.36111410917244,-22.672248769413798,-36.590789115919755,17.019661887048475,-26.86662364914998,-2.1499128101812883,-1.7281594858140374,-0.9752239384937212,-27.195118091624135,0.40428261487293554,-37.52039677413572,-19.121897111365392,354 days 00:00:00,179 days 00:00:00,41,41.46341463414634,11.691952229075998,-15.245286473688092,-1.249148125103361,36 days 00:00:00,11 days 00:00:00,0.5841169891900874,-1.1121273029172816,-1.77944649734337,-0.8328741174549743,Momentum,CZR,0.1955360892782144,1709.1905166997913
2024-03-01 00:00:00,2025-02-28 00:00:00,364 days 00:00:00,56.39999999999999,274910.9700894346,313449.2107602329,40.59346850201312,-22.672248769413798,40.97719539829123,44.33800285151994,26.60107933972544,0.9242002968766218,2.210420014970081,2.8134148750451464,52.13248982652844,0.5089491316839355,-14.564931664276381,-5.756367884642018,114 days 00:00:00,21 days 00:00:00,9,88.88888888888889,36.24924531736784,-3.8588692345286058,13.599023441429603,71 days 00:00:00,59 days 00:00:00,34.30345073173416,14.279295714703125,1.038680129658874,0.7822368084402153,RSIDivergence,CZR,0.1955360892782144,368.3134713115692
2024-03-01 00:00:00,2025-02-28 00:00:00,364 days 00:00:00,9.2,184643.54068619912,195536.08927821438,-5.570607774873223,-22.672248769413798,-5.613897731367102,9.944381879945379,-3.8904554408956016,-0.5645295805351692,-0.7524491496654325,-0.5029457949347971,-4.167764564416785,0.061874903752333385,-11.162033340183108,-11.162033340183108,121 days 00:00:00,121 days 00:00:00,2,0.0,-3.931751252676252,-5.543405141707236,-4.740986512185364,33 days 00:00:00,33 days 00:00:00,0.0,-4.737578197191744,-1.017073807564884,,Scalping,CZR,0.1955360892782144,95.02640192127227
2024-03-01 00:00:00,2025-02-28 00:00:00,364 days 00:00:00,54.800000000000004,181365.9199052667,238215.5643182458,-7.246830713069012,-22.672248769413798,-7.302635236061638,34.00768723562106,-5.074815958943891,-0.21473483878705385,-0.2953008615688751,-0.3060003966131349,8.218136041085824,0.6821099623350106,-23.86479010121707,-8.190459772303878,134 days 00:00:00,29 days 00:00:00,3,66.66666666666666,14.888273588388824,-15.816196087257495,2.0775998708868704,182 days 00:00:00,116 days 00:00:00,1.5719035002126254,3.0151126341172634,-0.30127279247937805,-0.4747702654212823,VolumeSpikeReversal,CZR,0.1955360892782144,200.40960732269286
2024-03-01 00:00:00,2025-02-28 00:00:00,364 days 00:00:00,0.0,159486.8102637947,159486.8102637947,0.0,-45.28176516240443,0.0,0.0,0.0,,,,0.0,0.0,-0.0,,,,0,,,,,,,,,,,BollingerBandsBreakout,INTC,0.1594868102637947,
2024-03-01 00:00:00,2025-02-28 00:00:00,364 days 00:00:00,28.000000000000004,120844.24240449033,164370.5159921894,-24.229318898151334,-45.28176516240443,-24.39731829195838,14.648715877732247,-17.476479354649644,-1.6654919445222598,-1.618864483304321,-0.9180152752049302,-18.972277631842353,0.1160962088702691,-26.576157228442764,-26.576157228442764,353 days 00:00:00,353 days 00:00:00,6,33.33333333333333,4.599998644077674,-16.366538920602068,-4.537373997021166,32 days 00:00:00,16 days 00:00:00,0.1566585434129324,-4.2733281254641655,-1.3490519889386439,-2.823121805346412,LarryWilliamsPriceAction,INTC,0.1594868102637947,393.1147211576005
2024-03-01 00:00:00,2025-02-28 00:00:00,364 days 00:00:00,1.2,143059.60522470743,159486.8102637947,-10.30003986656722,-31.57097913252005,-10.378008946589112,6.634721913737455,-7.249189887953,-1.5641965227059529,-1.4013554494765041,-1.0075697842952014,-9.610951833981497,0.021826628489831027,-10.300039866567223,-10.300039866567223,182 days 00:00:00,182 days 00:00:00,1,0.0,-10.492108323229877,-10.492108323229877,-10.492108323229877,2 days 00:00:00,2 days 00:00:00,0.0,-10.492108323229877,,,MACDBollingerBandsMeanReversion,INTC,0.1594868102637947,73.84338289833069
2024-03-01 00:00:00,2025-02-28 00:00:00,364 days 00:00:00,17.599999999999998,155272.2711089896,173277.4194855546,-2.642562822489306,-45.28176516240443,-2.663419271742873,25.071793821666123,-1.8369912343081052,-0.10623169968162564,-0.17583072098125788,-0.16884483790687513,5.995592185258475,0.19076453792750292,-15.774360085629969,-7.802249241621039,172 days 00:00:00,63 days 00:00:00,21,47.61904761904761,7.547774152075948,-11.792018605237642,-0.4875262586021889,11 days 00:00:00,5 days 00:00:00,0.8429116065192627,-0.36273615903356093,-0.11120531008285851,-0.04173029561721231,MeanReversion,INTC,0.1594868102637947,784.7271746127929
2024-03-01 00:00:00,2025-02-28 00:00:00,364 days 00:00:00,95.6,86306.82647074935,164678.1288730386,-45.884661980513656,-45.28176516240443,-46.14984737706646,31.850392523842146,-34.630427532278205,-1.4489569427604452,-1.1071250917771231,-0.8099095873700146,-2.4032580897748588,0.9602409211476499,-56.981480521704796,-29.94800017652243,333 days 00:00:00,173 days 00:00:00,4,25.0,18.415636961707516,-46.01966836283338,-26.45309876622004,347 days 00:00:00,287 days 00:00:00,0.16634493048780302,-23.072974130325758,-1.0106936756723075,-5105.8876215174405,MichaelHarrisPriceAction,INTC,0.1594868102637947,63.6746111088408
2024-03-01 00:00:00,2025-02-28 00:00:00,364 days 00:00:00,50.8,97152.77278772742,159486.8102637947,-39.08413327281762,-45.28176516240443,-39.32521148241268,20.24918530263095,-29.047578922892146,-1.9420638852716319,-1.6817484485489416,-0.9417787717963667,-24.360347498485005,0.32515927154176305,-41.756315453366,-41.756315453366,361 days 00:00:00,361 days 00:00:00,52,23.076923076923077,6.804921640626027,-13.890155596526943,-2.3749763607815555,22 days 00:00:00,8 days 00:00:00,0.2832525638609239,-2.259846023806411,-2.229680367239065,-0.651325222850712,Momentum,INTC,0.1594868102637947,1451.3812989499008
2024-03-01 00:00:00,2025-02-28 00:00:00,364 days 00:00:00,70.0,121480.24370385114,159486.8102637947,-23.830539025189516,-45.28176516240443,-23.996231002707248,39.759635437125,-17.176039209556127,-0.6035324705291716,-0.6431494549237177,-0.5218236849800084,11.818332963987004,0.7872677193859549,-45.98532357462189,-45.98532357462189,317 days 00:00:00,317 days 00:00:00,7,57.14285714285714,19.584417962408686,-35.500144080093946,-4.547143661755227,183 days 00:00:00,93 days 00:00:00,0.8637948911806475,-1.6287990357503883,-0.6168016152498763,-1.172696549231502,RSIDivergence,INTC,0.1594868102637947,124.80270837443024
2024-03-01 00:00:00,2025-02-28 00:00:00,364 days 00:00:00,10.8,119649.34264665046,159486.8102637947,-24.978534307164455,-45.28176516240443,-25.15082306664935,9.939637268945894,-18.04225653862582,-2.53035622791058,-1.9599565606034433,-0.9757470261603304,-22.53117286609206,0.05404739484635503,-25.77596691800389,-25.77596691800389,331 days 00:00:00,331 days 00:00:00,2,0.0,-22.609415437554713,-24.973656833811685,-23.80070502154278,36 days 00:00:00,36 days 00:00:00,0.0,-23.7915361356832,-1.0221795018527595,,Scalping,INTC,0.1594868102637947,69.9211674925852
2024-03-01 00:00:00,2025-02-28 00:00:00,364 days 00:00:00,74.4,119003.02555241152,179161.40436939284,-25.383782297998252,-45.28176516240443,-25.55836611172888,41.23577274531741,-18.349007613553102,-0.6198105288236947,-0.6658043738746965,-0.5619859703943612,13.530313809628638,0.8593767484120881,-45.47865508776645,-13.593424336522114,225 days 00:00:00,67 days 00:00:00,3,0.0,-25.3431192564705,-33.84914669572,-28.37805637629609,270 days 00:00:00,251 days 00:00:00,0.0,-28.266368121473757,-1.0244581825090981,,VolumeSpikeReversal,INTC,0.1594868102637947,70.63513375609249
2024-03-01 00:00:00,2025-02-28 00:00:00,364 days 00:00:00,21.6,100183.41307458407,121085.16613711078,-13.499035794469396,-3.1463694992136215,-13.599328846632586,9.78702721621367,-9.551968749039641,-1.3895260068453954,-1.6030745030371016,-0.7786175934182171,-13.2376722803744,0.08306828367117079,-17.465992242648966,-5.13754761198453,337 days 00:00:00,90 days 00:00:00,19,31.57894736842105,2.0735845796562513,-11.167046785907353,-1.5384359000941483,15 days 00:00:00,6 days 00:00:00,0.12870040140928315,-1.4805988713821514,-1.2805733664261232,-3.1193455050154295,BollingerBandsBreakout,MHK,0.1158176836463271,590.8946714744568
2024-03-01 00:00:00,2025-02-28 00:00:00,364 days 00:00:00,36.8,87258.36952574448,126418.7767591601,-24.658854521555014,-3.1463694992136215,-24.82932039685175,17.0056771732934,-17.800635633925456,-1.4600606693772245,-1.24713242605285,-0.7755185016140526,-23.57743796178202,0.3437029757767716,-32.01641269057486,-10.25728115056896,325 days 00:00:00,88 days 00:00:00,6,50.0,6.751123726863106,-16.333204497302024,-4.58053637540764,57 days 00:00:00,21 days 00:00:00,0.24712773987391418,-4.257655092894478,-1.2342789636902989,-1.5381389047325924,LarryWilliamsPriceAction,MHK,0.1158176836463271,304.25232248687746
2024-03-01 00:00:00,2025-02-28 00:00:00,364 days 00:00:00,0.0,115817.68364632709,115817.68364632709,0.0,8.799032518246522,0.0,0.0,0.0,,,,0.0,0.0,-0.0,,,,0,,,,,,,,,,,MACDBollingerBandsMeanReversion,MHK,0.1158176836463271,
2024-03-01 00:00:00,2025-02-28 00:00:00,364 days 00:00:00,18.8,109612.44961781988,121566.58806032283,-5.35776043272991,-3.1463694992136215,-5.3994440361778135,9.273661704098735,-3.7405296900056006,-0.5822343113714606,-0.7398400040659272,-0.5076146418451808,-5.159172204740123,0.06311662633375417,-10.63689576910315,-5.533709251457922,227 days 00:00:00,120 days 00:00:00,20,25.0,5.635191325398781,-6.096134024795319,-0.9464591526138655,12 days 00:00:00,5 days 00:00:00,0.4079479691339738,-0.9111015806470368,-0.49902264079140124,-0.11366241631869889,MeanReversion,MHK,0.1158176836463271,743.435619998932
2024-03-01 00:00:00,2025-02-28 00:00:00,364 days 00:00:00,86.8,123559.60065624339,171719.95827535732,6.684572481658176,-3.1463694992136215,6.739812152688884,41.82886541704634,4.581524550603278,0.1611282564203197,0.28281213697939345,0.23197802927315125,9.572890560192967,0.9179843878020921,-29.053665874335188,-9.027535046161823,214 days 00:00:00,50 days 00:00:00,2,50.0,6.7761059751761055,-1.3564753367886873,2.6292913509781135,316 days 00:00:00,299 days 00:00:00,4.995377203995337,2.709815319193709,0.9983519648653617,0.49958765143387807,MichaelHarrisPriceAction,MHK,0.1158176836463271,60.5733083820343
2024-03-01 00:00:00,2025-02-28 00:00:00,364 days 00:00:00,53.2,115390.01941707905,153590.44505037408,-0.36925641731361086,-3.1463694992136215,-0.37220496428221894,29.041516312227163,-0.25578451756423926,-0.01281630615566419,-0.024835240135090975,-0.014643451868862529,1.206483864211673,0.5008122160855907,-25.417843252769266,-9.45602773616853,214 days 00:00:00,71 days 00:00:00,26,38.46153846153847,25.82005808849479,-8.266201448030197,-0.2766433083709052,32 days 00:00:00,12 days 00:00:00,0.9770217017233825,-0.047390168485390315,0.014654379135222476,0.0053508187667712925,Momentum,MHK,0.1158176836463271,909.8772343139648
2024-03-01 00:00:00,2025-02-28 00:00:00,364 days 00:00:00,41.6,126782.48429757982,161746.87766459567,9.467294031484855,-3.1463694992136215,9.546538168222462,33.10223303930708,6.462553950751393,0.28839559424545386,0.6351381399133641,0.42027330317127976,11.15355502366493,0.5359386405829086,-22.71507158838455,-10.159249223313434,214 days 00:00:00,65 days 00:00:00,4,50.0,25.107331352940076,-12.4177077754538,5.277605636045379,86 days 00:00:00,73 days 00:00:00,2.2306119606228796,6.777404161112793,0.28620234322464677,0.1909692010512148,RSIDivergence,MHK,0.1158176836463271,134.52710753631592
2024-03-01 00:00:00,2025-02-28 00:00:00,364 days 00:00:00,76.4,130907.32838847263,165031.0961377631,13.028791689725763,-3.1463694992136215,13.13958921307583,42.853756022115824,8.848691495690254,0.30661464554693396,0.5820028317357349,0.45714019697267844,15.73343129322022,0.8596064779328786,-28.743018662743268,-10.99550855548492,214 days 00:00:00,61 days 00:00:00,2,100.0,16.40364554200213,13.079281739467174,14.729423557102962,276 days 00:00:00,276 days 00:00:00,,14.741463640734654,1.0096971065040332,,Scalping,MHK,0.1158176836463271,62.41557584762573
2024-03-01 00:00:00,2025-02-28 00:00:00,364 days 00:00:00,0.0,115817.68364632709,115817.68364632709,0.0,-3.1463694992136215,0.0,0.0,0.0,,,,0.0,0.0,-0.0,,,,0,,,,,,,,,,,VolumeSpikeReversal,MHK,0.1158176836463271,
2024-03-01 00:00:00,2025-02-28 00:00:00,364 days 00:00:00,7.199999999999999,102534.3590263707,109931.52786638611,-4.829766369453068,-30.498045573253368,-4.867448577416811,7.394002292945262,-3.3690674682687827,-0.6582968715144871,-0.8286289813890967,-0.6311165192408947,-3.8728480900946503,0.03137638039985193,-7.71244045912689,-4.2923475528293125,358 days 00:00:00,180 days 00:00:00,6,16.666666666666664,1.1290080163581129,-3.967345662042754,-2.68818689688779,13 days 00:00:00,7 days 00:00:00,0.06577507828067228,-2.6726116062831666,-1.1378725540629007,-0.7371779667624896,BollingerBandsBreakout,BLDR,0.1077378452430951,157.87162321853637
2024-03-01 00:00:00,2025-02-28 00:00:00,364 days 00:00:00,34.0,123939.92195954102,126706.96985639924,15.0384265435124,-30.498045573253368,15.167430236862266,28.143446533005324,10.184886973016383,0.5389329348512667,0.9797344597553606,0.6147704960483735,23.9423052218238,0.2919491564443086,-24.671695103059744,-11.107850876763374,183 days 00:00:00,117 days 00:00:00,9,55.55555555555556,18.13036737280993,-6.937395377742728,3.3228535354630884,62 days 00:00:00,21 days 00:00:00,4.862545702658673,3.5704451644835635,0.7528219282696476,0.36091990937975393,LarryWilliamsPriceAction,BLDR,0.1077378452430951,327.7778367767334
2024-03-01 00:00:00,2025-02-28 00:00:00,364 days 00:00:00,0.0,107737.8452430951,107737.8452430951,0.0,-23.749173565964295,0.0,0.0,0.0,,,,0.0,0.0,-0.0,,,,0,,,,,,,,,,,MACDBollingerBandsMeanReversion,BLDR,0.1077378452430951,
2024-03-01 00:00:00,2025-02-28 00:00:00,364 days 00:00:00,17.599999999999998,97969.39215253037,109931.52786638611,-9.066872526105941,-30.498045573253368,-9.135988749846769,14.134441098819009,-6.368277763818986,-0.6463636365933223,-0.8068641215294988,-0.5804573088490801,-3.694766797714167,0.17614590139845168,-15.739294881067888,-8.30577476379981,358 days 00:00:00,180 days 00:00:00,18,38.88888888888889,4.405330403645835,-7.507426855642418,-0.3417195802868811,11 days 00:00:00,5 days 00:00:00,0.7819006996127008,-0.2923104668282229,-0.7242996201311973,-0.30093892412321027,MeanReversion,BLDR,0.1077378452430951,554.5526999397277
2024-03-01 00:00:00,2025-02-28 00:00:00,364 days 00:00:00,19.2,92556.29302500504,115495.73488063783,-14.091197186870637,-30.498045573253368,-14.195519096444297,14.77409602968017,-9.981085964010683,-0.9608384207011007,-1.0948931319637232,-0.6818161703450042,-9.690617650973106,0.1442905423341887,-20.820156097590438,-8.844170456401365,32 days 00:00:00,18 days 00:00:00,2,0.0,-0.36543029217367407,-14.097728271943733,-7.486023323231528,72 days 00:00:00,59 days 00:00:00,0.0,-7.2315792820587035,-1.0001348421758478,,MichaelHarrisPriceAction,BLDR,0.1077378452430951,50.87748969650269
2024-03-01 00:00:00,2025-02-28 00:00:00,364 days 00:00:00,51.6,83791.72948788425,116512.86726664322,-22.22628056202521,-30.498045573253368,-22.382521143272673,26.939424439464876,-15.972245962919484,-0.8308463008765483,-0.825341582244483,-0.7625311614211185,-4.3808017940584705,0.5851351597302725,-29.352926510647357,-10.399393680225266,298 days 00:00:00,89 days 00:00:00,30,33.33333333333333,11.387642849697155,-12.516878680804822,-1.442187456811861,25 days 00:00:00,10 days 00:00:00,0.4318783621897626,-1.3363444396920539,-1.193248761108858,-0.47147588720394057,Momentum,BLDR,0.1077378452430951,836.8427754745484
2024-03-01 00:00:00,2025-02-28 00:00:00,364 days 00:00:00,62.4,75623.07690528838,121465.429717323,-29.808251933519102,-30.498045573253368,-30.00671983729636,27.234076843032245,-21.732284853142193,-1.10180785676139,-1.0187079450297951,-0.7796967766598278,-7.00046875801204,0.7478440912131554,-38.485114643981554,-14.036994329113615,298 days 00:00:00,103 days 00:00:00,4,0.0,-3.9195056231290937,-19.67534945324069,-14.15805709130461,119 days 00:00:00,109 days 00:00:00,0.0,-13.923102364664757,-1.6968210582238803,,RSIDivergence,BLDR,0.1077378452430951,94.60747965240478
2024-03-01 00:00:00,2025-02-28 00:00:00,364 days 00:00:00,47.599999999999994,61499.346041682904,114324.24997407121,-42.9176016070134,-30.498045573253368,-43.17306535567313,18.332638516243033,-32.169564019154585,-2.3549837257425357,-1.5840940409513438,-0.9343563259833335,-26.111542474212836,0.551053643500992,-46.20621079462058,-17.595809193136635,298 days 00:00:00,107 days 00:00:00,4,0.0,-20.736455129840603,-24.718682944536084,-23.020246684129898,91 days 00:00:00,86 days 00:00:00,0.0,-23.004485616173167,-1.7014044795371686,,Scalping,BLDR,0.1077378452430951,84.54194128036498
2024-03-01 00:00:00,2025-02-28 00:00:00,364 days 00:00:00,0.0,107737.8452430951,107737.8452430951,0.0,-30.498045573253368,0.0,0.0,0.0,,,,0.0,0.0,-0.0,,,,0,,,,,,,,,,,VolumeSpikeReversal,BLDR,0.1077378452430951,
2024-03-01 00:00:00,2025-02-28 00:00:00,364 days 00:00:00,25.2,85101.65512209914,93618.64535488449,-3.740123113673146,-7.491366903692233,-3.7694729731234444,9.984190073979446,-2.6044632927618605,-0.3775441918866662,-0.5192451543284061,-0.3726198221743377,-3.0453911380437404,0.09273767852526307,-10.116136471558457,-3.9701478015226224,197 days 00:00:00,60 days 00:00:00,10,50.0,2.159606302285466,-4.830748821583287,-0.3314963956015604,20 days 00:00:00,8 days 00:00:00,0.7259443929629691,-0.3025368492794711,-0.4119606042172599,-0.20882699369169633,BollingerBandsBreakout,URI,0.0884082318353633,431.28605984554486
2024-03-01 00:00:00,2025-02-28 00:00:00,364 days 00:00:00,26.0,112229.50714232722,114369.02879271908,26.944634919658466,-7.491366903692233,27.187158773504816,22.439660051675215,17.959524219919153,1.2115673192417717,3.158484990015534,2.756592483974396,29.023290112723313,0.277473419709339,-9.86259627839765,-2.652578270933003,35 days 00:00:00,14 days 00:00:00,8,75.0,13.024779456588043,-7.653598747299695,3.088637662767968,29 days 00:00:00,11 days 00:00:00,4.3981972272462935,3.2510547551911904,1.3690798410723422,0.36957267606054217,LarryWilliamsPriceAction,URI,0.0884082318353633,400.8035029954874
2024-03-01 00:00:00,2025-02-28 00:00:00,364 days 00:00:00,0.0,88408.2318353633,88408.2318353633,0.0,2.405870229944327,0.0,0.0,0.0,,,,0.0,0.0,-0.0,,,,0,,,,,,,,,,,MACDBollingerBandsMeanReversion,URI,0.0884082318353633,
2024-03-01 00:00:00,2025-02-28 00:00:00,364 days 00:00:00,21.2,87287.6553989695,90293.25160031237,-1.2675023729471042,-7.491366903692233,-1.2775773421201841,12.221212339750252,-0.8792222979528641,-0.10453769287395363,-0.14756597194702065,-0.14654815072879954,-0.2590023590730455,0.13462162871464808,-8.7177991381444,-5.591956904311349,135 days 00:00:00,91 days 00:00:00,14,28.57142857142857,8.782529005109385,-2.874932072150538,-0.09302910960480304,11 days 00:00:00,5 days 00:00:00,0.9600300287332287,-0.045662371351284925,-0.05634509167301484,-0.012762455304360432,MeanReversion,URI,0.0884082318353633,557.2478746200259
2024-03-01 00:00:00,2025-02-28 00:00:00,364 days 00:00:00,86.4,89399.75124288586,123173.01669210462,1.1215238524043767,-7.491366903692233,1.130546571322899,34.078843086120244,0.7751064119576601,0.03317444105910251,0.05094846965953398,0.040668420422858405,7.97340730109541,0.9146372800555235,-27.79912668276281,-5.428285044673465,114 days 00:00:00,20 days 00:00:00,1,100.0,1.1778634807383392,1.1778634807383392,1.1778634807383392,315 days 00:00:00,315 days 00:00:00,,1.1778634807383392,,,MichaelHarrisPriceAction,URI,0.0884082318353633,44.22606363221131
2024-03-01 00:00:00,2025-02-28 00:00:00,364 days 00:00:00,58.4,80184.6953843738,96356.2854309068,-9.30177685976532,-7.491366903692233,-9.372589897381712,21.440437017752277,-6.535796670416594,-0.4371454690788898,-0.5453078745792914,-0.5075069778134469,-5.684308238315831,0.4828849885414858,-18.467903510928586,-6.814582878350081,129 days 00:00:00,45 days 00:00:00,19,47.368421052631575,13.778658820095057,-8.806160083626791,-0.4646484099423809,20 days 00:00:00,10 days 00:00:00,0.8318343244790383,-0.3327527025294217,-0.3783984088492831,-0.13690324085320033,Momentum,URI,0.0884082318353633,805.660922598101
2024-03-01 00:00:00,2025-02-28 00:00:00,364 days 00:00:00,52.800000000000004,111422.24718361681,118639.94447365588,26.03152994973473,-7.491366903692233,26.265017144683945,31.66689138861054,17.371465947706,0.8294157081086444,1.6157472955715118,2.0864305257965414,29.962780792272763,0.5247708319559756,-12.588493515573296,-4.26183675226105,56 days 00:00:00,17 days 00:00:00,2,100.0,20.322158280598845,4.912742877804699,12.353583183603822,148 days 00:00:00,96 days 00:00:00,,12.617450579201773,1.8166847695855413,,RSIDivergence,URI,0.0884082318353633,102.75403839410039
2024-03-01 00:00:00,2025-02-28 00:00:00,364 days 00:00:00,87.6,85222.04075057761,117547.88053768699,-3.6039529562350276,-7.491366903692233,-3.6322545290969566,32.78247791768959,-2.509100188134694,-0.1107986570818972,-0.16131800040318456,-0.13027695030641,3.347673073378407,0.9279516167052532,-27.881022088358165,-6.05661828041364,114 days 00:00:00,21 days 00:00:00,1,0.0,-3.55926731589874,-3.55926731589874,-3.55926731589874,318 days 00:00:00,318 days 00:00:00,0.0,-3.55926731589874,,,Scalping,URI,0.0884082318353633,43.364206719516545
2024-03-01 00:00:00,2025-02-28 00:00:00,364 days 00:00:00,0.0,88408.2318353633,88408.2318353633,0.0,-7.491366903692233,0.0,0.0,0.0,,,,0.0,0.0,-0.0,,,,0,,,,,,,,,,,VolumeSpikeReversal,URI,0.0884082318353633,
2024-03-01 00:00:00,2025-02-28 00:00:00,364 days 00:00:00,0.0,70598.5880282394,70598.5880282394,0.0,-42.013803807024644,0.0,0.0,0.0,,,,0.0,0.0,-0.0,,,,0,,,,,,,,,,,BollingerBandsBreakout,ON,0.0705985880282394,
2024-03-01 00:00:00,2025-02-28 00:00:00,364 days 00:00:00,18.0,60726.557402165556,73865.7855651752,-13.983325873493452,-42.013803807024644,-14.086916306970032,15.301110266303969,-9.902848030985801,-0.920646676077629,-1.0230596377623622,-0.7739420869045499,-8.084581386762231,0.1404001530978959,-18.20151216134518,-11.14006310788613,203 days 00:00:00,110 days 00:00:00,5,20.0,3.437277522087623,-12.603954200509682,-4.374742945006139,21 days 00:00:00,13 days 00:00:00,0.14019770312512458,-4.216016443364527,-1.0385058997833654,-0.844381111995214,LarryWilliamsPriceAction,ON,0.0705985880282394,136.2629029903412
2024-03-01 00:00:00,2025-02-28 00:00:00,364 days 00:00:00,2.8000000000000003,65230.543908050706,70722.52198148648,-7.6036139958514255,-25.234388989521676,-7.66205087357863,4.062947568359205,-5.327753742022578,-1.8858355281884425,-1.7438245077525651,-0.9419124757286993,-7.392726705702503,0.008357138753646508,-8.134567776746959,-8.134567776746959,53 days 00:00:00,53 days 00:00:00,2,0.0,-3.0599526095836715,-4.657775878906245,-3.8621836912938634,5 days 00:00:00,4 days 00:00:00,0.0,-3.858864244244958,-5.228606806249666,,MACDBollingerBandsMeanReversion,ON,0.0705985880282394,67.58822953319549
2024-03-01 00:00:00,2025-02-28 00:00:00,364 days 00:00:00,9.2,55680.10193258777,70598.5880282394,-21.13142275548662,-42.013803807024644,-21.281059810355874,8.79989167559888,-15.155078811679989,-2.418332019854958,-1.9664486680756417,-0.9722171144597916,-18.555615645496893,0.061308590905521765,-21.889205089935704,-21.889205089935704,358 days 00:00:00,358 days 00:00:00,12,16.666666666666664,1.174761568839533,-5.491064542868207,-2.2495793139652,3 days 00:00:00,2 days 00:00:00,0.05001364996805946,-2.2305891914541363,-3.2086251053475348,-2.9041110499339364,MeanReversion,ON,0.0705985880282394,338.9235422458649
2024-03-01 00:00:00,2025-02-28 00:00:00,364 days 00:00:00,87.2,50847.705267747086,85023.65568620602,-27.97631413335345,-42.013803807024644,-28.16515720217908,34.190113115259116,-20.323713682134958,-0.8237807551917374,-0.8589967220365877,-0.7006987659405441,9.430583705574772,0.8903478011832351,-40.19581390923837,-8.554306614500968,227 days 00:00:00,39 days 00:00:00,3,0.0,0.0,-30.672454708814755,-20.15006487628146,317 days 00:00:00,178 days 00:00:00,0.0,-19.078318479754618,-1.0119932332426036,,MichaelHarrisPriceAction,ON,0.0705985880282394,32.37126430416107
2024-03-01 00:00:00,2025-02-28 00:00:00,364 days 00:00:00,50.0,42271.39655445781,71804.8678010551,-40.124303141092184,-42.013803807024644,-40.36948150557168,19.404478989513716,-29.888563765024657,-2.0804207898283464,-1.604048404110455,-0.9657313974171335,-21.391347163627263,0.44587621876629036,-41.80197683697621,-14.432666553196938,282 days 00:00:00,90 days 00:00:00,35,31.428571428571427,7.340259417540529,-14.773335774739582,-2.6354607209854386,31 days 00:00:00,8 days 00:00:00,0.21676103121955106,-2.5295919946378387,-2.1469534391338017,-0.7783811983445308,Momentum,ON,0.0705985880282394,642.1608379478456
2024-03-01 00:00:00,2025-02-28 00:00:00,364 days 00:00:00,71.6,52228.187106106925,84835.4293622772,-26.02091831466138,-42.013803807024644,-26.199074600721083,28.470709868771145,-18.83232434000345,-0.9202114988168326,-0.9261568559422052,-0.6620057832598156,-0.1582270535789192,0.6155760468600622,-39.57529565937161,-7.928240914709334,182 days 00:00:00,36 days 00:00:00,3,33.33333333333333,6.558592008419883,-32.45033422273058,-20.605244678684976,204 days 00:00:00,154 days 00:00:00,0.10423420115735729,-18.787699061258103,-0.7237909072489815,-1.3283979800973376,RSIDivergence,ON,0.0705985880282394,68.77744419670105
2024-03-01 00:00:00,2025-02-28 00:00:00,364 days 00:00:00,0.0,70598.5880282394,70598.5880282394,0.0,-42.013803807024644,0.0,0.0,0.0,,,,0.0,0.0,-0.0,,,,0,,,,,,,,,,,Scalping,ON,0.0705985880282394,
2024-03-01 00:00:00,2025-02-28 00:00:00,364 days 00:00:00,58.8,43666.401105892335,70986.5108279182,-38.14833649587185,-42.013803807024644,-38.38560398823846,23.357684098475804,-28.29474930824707,-1.6433822731057184,-1.3479711879001173,-0.9690042048332749,-13.07593518530851,0.5967658016809055,-39.61345451007926,-22.2631192292533,212 days 00:00:00,107 days 00:00:00,1,0.0,-38.380466907159295,-38.380466907159295,-38.380466907159295,213 days 00:00:00,213 days 00:00:00,0.0,-38.380466907159295,,,VolumeSpikeReversal,ON,0.0705985880282394,28.322935378074646
2024-03-01 00:00:00,2025-02-28 00:00:00,364 days 00:00:00,18.0,37060.593852338345,39378.47261977532,16.252619398417316,17.781224650260107,16.392760669078598,19.58648821821496,10.988715433761165,0.8369423087204437,1.729189721904246,1.9445118003091084,14.101326512457636,0.12098676712507601,-8.430270603897972,-4.199898129231825,88 days 00:00:00,23 days 00:00:00,4,75.0,16.56494833737654,-0.14614875520940762,11.368160904520973,61 days 00:00:00,45 days 00:00:00,318.11292418914525,11.586414782764706,1.0127229644113203,0.7424196124721122,BollingerBandsBreakout,NCLH,0.0318793624127517,37.106300357818604
2024-03-01 00:00:00,2025-02-28 00:00:00,364 days 00:00:00,49.2,35543.79457525922,38444.32574618533,11.494684602104053,17.781224650260107,11.591777831738636,39.453977425921124,7.823747191224695,0.29380505054283523,0.4687963020805404,0.31913366405193405,1.8910965865333917,0.5400971082962038,-36.32264200699383,-12.591529830957512,196 days 00:00:00,65 days 00:00:00,10,40.0,52.86549009656649,-18.378092749775043,3.39871934435394,108 days 00:00:00,30 days 00:00:00,2.33440836262542,4.96604838639567,0.2688642664236435,0.055447011846276206,LarryWilliamsPriceAction,NCLH,0.0318793624127517,112.36657025003433
2024-03-01 00:00:00,2025-02-28 00:00:00,364 days 00:00:00,0.0,31879.362412751703,31879.362412751703,0.0,25.04127252589748,0.0,0.0,0.0,,,,0.0,0.0,-0.0,,,,0,,,,,,,,,,,MACDBollingerBandsMeanReversion,NCLH,0.0318793624127517,
2024-03-01 00:00:00,2025-02-28 00:00:00,364 days 00:00:00,28.799999999999997,30130.793302825958,34617.112121981176,-5.484956340363696,17.781224650260107,-5.527600352315254,16.63023915317562,-3.830111657047075,-0.33238249320423835,-0.4343618469685495,-0.4113547897846708,-8.211921132336315,0.15336203470848836,-13.437549506130097,-12.185922344956317,223 days 00:00:00,179 days 00:00:00,34,41.17647058823529,9.67570306484875,-5.924853220979842,-0.40550086130379803,14 days 00:00:00,6 days 00:00:00,0.7841007611847517,-0.3469878003456462,-0.3202673143147953,-0.1129574832427801,MeanReversion,NCLH,0.0318793624127517,251.70526791524884
2024-03-01 00:00:00,2025-02-28 00:00:00,364 days 00:00:00,70.0,42902.97627071479,52989.63877200225,34.579154109912984,17.781224650260107,34.89927530436165,51.374120009027415,22.826568582023874,0.6793162646528871,1.4838149184035467,1.3174159084751607,23.628764960953426,0.615839986521928,-26.490704324920234,-7.242208595031446,66 days 00:00:00,19 days 00:00:00,2,50.0,35.67723572311103,-0.7169893526341009,16.06224381297652,255 days 00:00:00,192 days 00:00:00,49.75978456589173,17.480123185238465,0.9988621110064997,0.49971536581056925,MichaelHarrisPriceAction,NCLH,0.0318793624127517,19.247163078784943
2024-03-01 00:00:00,2025-02-28 00:00:00,364 days 00:00:00,66.8,29922.15984020116,35873.61964805009,-6.139403126104135,17.781224650260107,-6.186966766901392,34.95759857750796,-4.2916156513670085,-0.17698489080088423,-0.23262297246796096,-0.18865613268934286,-16.604706631990183,0.58855920847572,-32.7949411381679,-14.349246273720716,223 days 00:00:00,90 days 00:00:00,41,36.58536585365854,26.04883421527804,-16.555609965881825,-0.9850987016798318,46 days 00:00:00,14 days 00:00:00,0.8160040288600919,-0.5966579504451488,-0.19381793894587648,-0.05676682755552104,Momentum,NCLH,0.0318793624127517,272.6855733058452
2024-03-01 00:00:00,2025-02-28 00:00:00,364 days 00:00:00,10.0,37594.633429214984,37613.04170993093,17.927808412432928,17.781224650260107,18.083483758768093,15.105165111116909,12.09350916760763,1.1971722007500096,2.234814381020851,1.773868465842687,16.590074279949107,0.07523295829144443,-10.194376926463612,-5.429338633509861,21 days 00:00:00,12 days 00:00:00,4,75.0,18.239392789098762,0.0,10.942363452729055,35 days 00:00:00,24 days 00:00:00,,11.158419048994139,1.0282415026729295,,RSIDivergence,NCLH,0.0318793624127517,37.259220734596255
2024-03-01 00:00:00,2025-02-28 00:00:00,364 days 00:00:00,40.0,31353.975066324507,39988.18684948567,-1.6480484760794407,17.781224650260107,-1.661122750461741,30.314307608431072,-1.143870467704755,-0.05479665812983129,-0.07360702881949364,-0.07693265881541302,-9.154365531121657,0.4221484854212453,-21.591906168839504,-8.608848721988114,121 days 00:00:00,45 days 00:00:00,8,75.0,12.776411768902939,-7.902967889755241,3.044632208891862,71 days 00:00:00,33 days 00:00:00,3.0099284911988406,3.2523968143344697,0.15248197047297643,0.14154299097916534,Scalping,NCLH,0.0318793624127517,53.60233751988411
2024-03-01 00:00:00,2025-02-28 00:00:00,364 days 00:00:00,0.0,31879.362412751703,31879.362412751703,0.0,17.781224650260107,0.0,0.0,0.0,,,,0.0,0.0,-0.0,,,,0,,,,,,,,,,,VolumeSpikeReversal,NCLH,0.0318793624127517,
2024-03-01 00:00:00,2025-02-28 00:00:00,364 days 00:00:00,0.0,28309.433811323703,28309.433811323703,0.0,-45.22013926528836,0.0,0.0,0.0,,,,0.0,0.0,-0.0,,,,0,,,,,,,,,,,BollingerBandsBreakout,ALB,0.0283094338113237,
2024-03-01 00:00:00,2025-02-28 00:00:00,364 days 00:00:00,20.8,25415.33908278746,30979.357074415726,-10.223075275276651,-45.22013926528836,-10.300495807039523,16.770810272582352,-7.194101726855983,-0.6141918988779701,-0.7674425105609778,-0.44033423149681056,-5.365855410528304,0.10741275775939108,-23.392448440870606,-23.392448440870606,326 days 00:00:00,326 days 00:00:00,7,42.857142857142854,2.8374967690921293,-9.615085765314934,-4.1640494517135025,50 days 00:00:00,15 days 00:00:00,0.140244444134536,-4.038572315914755,-0.9488530443782018,-0.994476048992297,LarryWilliamsPriceAction,ALB,0.0283094338113237,68.47817420776823
2024-03-01 00:00:00,2025-02-28 00:00:00,364 days 00:00:00,10.8,21469.504572457885,28309.433811323703,-24.161307090959422,-30.253217713881803,-24.32891414750885,12.963100062057004,-17.425205015080802,-1.876782099269571,-1.5970015494922862,-0.9652910412222814,-21.552976910123633,0.08621662017918005,-25.203708631443245,-25.203708631443245,233 days 00:00:00,233 days 00:00:00,3,0.0,-5.317204761558713,-12.15402745759504,-8.825949860734571,19 days 00:00:00,13 days 00:00:00,0.0,-8.783247139885704,-4.4439251374776925,,MACDBollingerBandsMeanReversion,ALB,0.0283094338113237,37.344711672295595
2024-03-01 00:00:00,2025-02-28 00:00:00,364 days 00:00:00,11.600000000000001,22018.47179223976,28309.433811323703,-22.222140015274952,-45.22013926528836,-22.37835585579996,13.52240671163141,-15.969148948844502,-1.6549092430825225,-1.5539671320532267,-1.007029738828827,-17.92782365522123,0.09496468674854575,-22.22214001527495,-22.22214001527495,326 days 00:00:00,326 days 00:00:00,17,41.17647058823529,3.4199505820833753,-6.301894035373201,-1.1747927064353347,4 days 00:00:00,2 days 00:00:00,0.40881608495446337,-1.126179264139352,-2.075096045793259,-1.662254763757228,MeanReversion,ALB,0.0283094338113237,152.6318345266792
2024-03-01 00:00:00,2025-02-28 00:00:00,364 days 00:00:00,92.80000000000001,18549.705955601916,32014.235500937553,-34.475178559798394,-45.22013926528836,-34.69640457673208,35.331926020870874,-25.37293613692152,-0.9820128276119624,-1.0007525330383107,-0.7561107394270669,1.5766998617186516,0.7972527065875491,-45.88799334211656,-21.28139110037778,290 days 00:00:00,113 days 00:00:00,2,0.0,-22.248282234446748,-34.541504395818926,-28.65919487716728,338 days 00:00:00,297 days 00:00:00,0.0,-28.394893315132837,-1.0091169289797575,,MichaelHarrisPriceAction,ALB,0.0283094338113237,12.61976484230119
2024-03-01 00:00:00,2025-02-28 00:00:00,364 days 00:00:00,56.00000000000001,16350.461424353078,28309.433811323703,-42.243770986995386,-45.22013926528836,-42.496852039915304,21.20728949938454,-31.616230597216255,-2.003879469894001,-1.5315951619750492,-1.0059909673546386,-22.14911330869269,0.4443740776740077,-42.243770986995386,-42.243770986995386,361 days 00:00:00,361 days 00:00:00,40,22.5,14.22104650134257,-9.650992035118433,-2.2471156151334215,25 days 00:00:00,8 days 00:00:00,0.3478716588855393,-2.1211808911155443,-2.2111755940075444,-0.5783951165345216,Momentum,ALB,0.0283094338113237,274.44605561600633
2024-03-01 00:00:00,2025-02-28 00:00:00,364 days 00:00:00,54.800000000000004,20680.911326774305,28309.433811323703,-26.946927075235276,-45.22013926528836,-27.130196762131188,30.074999885368953,-19.537063717133684,-0.9020846838084157,-1.013004755047282,-0.7273201508913306,-4.936226876120418,0.4867455199548798,-37.30158820552839,-37.30158820552839,267 days 00:00:00,267 days 00:00:00,4,0.0,-0.045091030699395684,-17.938767810962965,-8.780162061057284,138 days 00:00:00,86 days 00:00:00,0.0,-8.532990255199982,-1.5736491025607822,,RSIDivergence,ALB,0.0283094338113237,25.70265453957067
2024-03-01 00:00:00,2025-02-28 00:00:00,364 days 00:00:00,0.0,28309.433811323703,28309.433811323703,0.0,-45.22013926528836,0.0,0.0,0.0,,,,0.0,0.0,-0.0,,,,0,,,,,,,,,,,Scalping,ALB,0.0283094338113237,
2024-03-01 00:00:00,2025-02-28 00:00:00,364 days 00:00:00,57.99999999999999,23526.026249676535,33623.656068721626,-16.89686764323,-45.22013926528836,-17.01982758877928,35.61522308355964,-12.026776961823272,-0.47788069581503784,-0.6202766280321709,-0.5316649138445907,6.874847382206461,0.525688673490751,-32.01232044015282,-14.872807387188375,88 days 00:00:00,42 days 00:00:00,1,0.0,-16.987639055345916,-16.987639055345916,-16.987639055345916,211 days 00:00:00,211 days 00:00:00,0.0,-16.987639055345916,,,VolumeSpikeReversal,ALB,0.0283094338113237,12.848625566408622
2024-03-01 00:00:00,2025-02-28 00:00:00,364 days 00:00:00,50.4,6528.215451090335,10084.078103624444,22.25367070036378,147.7221008909298,22.450342178383377,63.88953032663718,14.924358974006967,0.35139313223317364,0.5927281868637132,0.6366697088780214,-55.78728101668405,0.5282957069143578,-35.262149063046756,-8.100893493174041,175 days 00:00:00,29 days 00:00:00,10,50.0,28.67143878994085,-18.754297407241573,1.2588506609328753,45 days 00:00:00,18 days 00:00:00,1.4680297100776218,2.106820666002963,0.40567542517746724,0.14311188685072512,BollingerBandsBreakout,VST,0.0053398932021359,35.21639229309018
2024-03-01 00:00:00,2025-02-28 00:00:00,364 days 00:00:00,48.4,6172.255209490271,9815.377522109042,15.587615254579152,147.7221008909298,15.721643809107121,47.84109071803858,10.548786450112168,0.32862218593146003,0.5793705349163571,0.42357586710721784,-30.139746583000385,0.30954990188869713,-37.11647671638379,-6.729184786238569,170 days 00:00:00,24 days 00:00:00,12,58.333333333333336,37.60869155881197,-24.260357899309092,3.7784837999745857,54 days 00:00:00,17 days 00:00:00,2.3019795828687624,5.501812911059197,0.2051195961776043,-0.019629099486923263,LarryWilliamsPriceAction,VST,0.0053398932021359,37.161688965472365
2024-03-01 00:00:00,2025-02-28 00:00:00,364 days 00:00:00,0.0,5339.8932021359005,5339.8932021359005,0.0,104.22582283021926,0.0,0.0,0.0,,,,0.0,0.0,-0.0,,,,0,,,,,,,,,,,MACDBollingerBandsMeanReversion,VST,0.0053398932021359,
2024-03-01 00:00:00,2025-02-28 00:00:00,364 days 00:00:00,35.6,7192.616705491562,8197.377756305503,34.6958905959878,147.7221008909298,35.01722599202031,65.4382887356013,22.90031863899862,0.5351183025813051,1.0612219977193709,1.1234774730050885,-32.21301397673225,0.4529376726243695,-31.16860536451691,-10.618425361643375,136 days 00:00:00,51 days 00:00:00,25,52.0,30.95726186206069,-9.321735527426,2.363244028079192,14 days 00:00:00,5 days 00:00:00,2.8287932088892744,2.744789801825712,0.890607659137585,0.2320853677442648,MeanReversion,VST,0.0053398932021359,70.06270399113416
2024-03-01 00:00:00,2025-02-28 00:00:00,364 days 00:00:00,18.8,5088.47381945316,7577.131350353749,-4.708322304689077,147.7221008909298,-4.745080805688417,41.27327639416285,-3.2837171262063203,-0.11496738859237982,-0.14326694671582466,-0.14447186921590033,-63.178892661993835,0.3958146411719147,-32.844323475854786,-7.373721731767945,36 days 00:00:00,10 days 00:00:00,1,0.0,-4.756372313177371,-4.756372313177371,-4.756372313177371,71 days 00:00:00,71 days 00:00:00,0.0,-4.756372313177371,,,MichaelHarrisPriceAction,VST,0.0053398932021359,2.5539105429130498
2024-03-01 00:00:00,2025-02-28 00:00:00,364 days 00:00:00,67.2,9643.935699559972,14898.7609492091,80.60165876917725,147.7221008909298,81.45774466317606,106.92559059047049,50.567219982030686,0.7618171123801658,2.061716107528939,2.2986791541331946,-14.663591598177177,0.6448950413837755,-35.43676137520498,-6.837139937164517,119 days 00:00:00,18 days 00:00:00,18,33.33333333333333,50.12080870769,-9.999995685211683,2.8168120846099765,39 days 00:00:00,15 days 00:00:00,2.371097805935831,3.763710099427702,0.9353704722594116,0.1808627421144546,Momentum,VST,0.0053398932021359,68.37502119585214
2024-03-01 00:00:00,2025-02-28 00:00:00,364 days 00:00:00,0.4,5337.273728772568,5339.8932021359005,-0.04905478937828028,147.7221008909298,-0.04944713065209161,0.04932511240382764,-0.03396357157946506,-1.0024737550979104,-1.0019800693565315,-1.0079980217790427,-0.04559377670570884,-2.3429213717498274e-05,-0.049054789378277786,-0.049054789378277786,0.0004905478937827779,0.0004905478937827779,1,0.0,0.0,0.0,0.0,0 days 00:00:00,0 days 00:00:00,,0.0,,,RSIDivergence,VST,0.0053398932021359,2.61947336333338
2024-03-01 00:00:00,2025-02-28 00:00:00,364 days 00:00:00,62.0,8837.358230986287,13240.83576393637,65.49690970320225,147.7221008909298,66.16525095100113,111.03054115739646,41.732655107678276,0.5959193773288516,1.5603520726224829,1.9895258112851413,-48.110978926382415,0.7690649398052275,-33.256794446040104,-8.398338368362952,50 days 00:00:00,15 days 00:00:00,2,100.0,67.61746111921137,65.86512795166861,66.73899254665008,225 days 00:00:00,225 days 00:00:00,,66.74129453543999,1.0303317340934026,,Scalping,VST,0.0053398932021359,4.4818923183667225
2024-03-01 00:00:00,2025-02-28 00:00:00,364 days 00:00:00,0.0,5339.8932021359005,5339.8932021359005,0.0,147.7221008909298,0.0,0.0,0.0,,,,0.0,0.0,-0.0,,,,0,,,,,,,,,,,VolumeSpikeReversal,VST,0.0053398932021359,
2024-03-01 00:00:00,2025-02-28 00:00:00,364 days 00:00:00,10.136986301369863,95045.80185573504,123876.9141300194,-20.074249266925502,-47.80393772019127,-20.074249266926657,30.214590552805586,-20.12343503482621,-0.6643892536568778,-0.7392110580228213,-0.7781844422024597,-12.872857445616022,0.150644322722138,-25.796261372318664,-14.75660901741273,350 days 00:00:00,177 days 00:00:00,4,0.0,-1.647748024092044,-8.805423134359124,-5.449922485755221,26 days 00:00:00,9 days 00:00:00,0.0,-5.413928173200485,-3.4520365297007927,,BollingerBandsBreakout,AVAX-USD,0.118917621647567,
2024-03-01 00:00:00,2025-02-28 00:00:00,364 days 00:00:00,22.465753424657535,161123.72800477908,188108.25745178148,35.491885704119774,-47.80393772019127,35.491885704123185,74.86151482097581,35.60499475204533,0.4741005547242619,1.2387715388280305,0.8802441267812864,48.94764566615226,0.28147806653068014,-40.320502715426606,-17.502315803429916,283 days 00:00:00,88 days 00:00:00,10,60.0,32.93445833117323,-21.751459338520128,3.084200708824736,15 days 00:00:00,8 days 00:00:00,2.150459576817243,4.181999106939048,0.6112939974541416,0.2541180801074826,LarryWilliamsPriceAction,AVAX-USD,0.118917621647567,
2024-03-01 00:00:00,2025-02-28 00:00:00,364 days 00:00:00,0.0,118917.62164756701,118917.62164756701,0.0,-51.31471592290817,0.0,0.0,0.0,,,,0.0,0.0,-0.0,,,,0,,,,,,,,,,,MACDBollingerBandsMeanReversion,AVAX-USD,0.118917621647567,
2024-03-01 00:00:00,2025-02-28 00:00:00,364 days 00:00:00,16.71232876712329,86732.97765293045,133618.38210220262,-27.064654967639136,-47.80393772019127,-27.064654967637892,27.51873104590065,-27.12786427345827,-0.9834993816573384,-1.0367566189129274,-0.7713136852307253,-20.007252278361396,0.14763224591636218,-35.0890376845083,-14.25349377559684,350 days 00:00:00,121 days 00:00:00,17,29.411764705882355,9.231097569051695,-11.837353791403803,-1.8398769801379444,6 days 00:00:00,3 days 00:00:00,0.49323194345720367,-1.67735789382477,-1.2192098923647494,-0.3144031062062123,MeanReversion,AVAX-USD,0.118917621647567,
2024-03-01 00:00:00,2025-02-28 00:00:00,364 days 00:00:00,90.68493150684932,57649.830095557416,138231.6513846199,-51.52120493427569,-47.80393772019127,-51.52120493427586,52.92233058026786,-51.6175397672866,-0.9735248687911259,-0.8423020256879379,-0.8473441377042401,-10.10542852678283,0.8663674664189808,-60.803164430765186,-25.820633545050452,238 days 00:00:00,66 days 00:00:00,2,0.0,-18.29582478606785,-51.528935470645834,-37.06917806740353,330 days 00:00:00,274 days 00:00:00,0.0,-34.91238012835684,-1.00016444690629,,MichaelHarrisPriceAction,AVAX-USD,0.118917621647567,
2024-03-01 00:00:00,2025-02-28 00:00:00,364 days 00:00:00,53.15068493150685,100354.81688899925,161071.90653884812,-15.609801559588742,-47.80393772019127,-15.609801559587755,65.50086581833553,-15.649140227454762,-0.2383144308791432,-0.3526520920716091,-0.2855331108688666,8.616112510692908,0.5067765382023998,-54.66897170730116,-19.44974476963826,347 days 00:00:00,91 days 00:00:00,29,37.93103448275862,63.50116242968564,-14.91491072240294,0.4210979626724676,34 days 00:00:00,7 days 00:00:00,1.3831193578593526,1.298053568356907,-0.277958143827834,-0.07650909150030694,Momentum,AVAX-USD,0.118917621647567,
2024-03-01 00:00:00,2025-02-28 00:00:00,364 days 00:00:00,68.4931506849315,123534.2196259682,242164.8996597664,3.8821815593346423,-47.80393772019127,3.882181559333464,88.93950412711573,3.8930518576085538,0.04364968747503811,0.08054900947533732,0.07677433714010272,32.567135600101025,0.6000542091044213,-50.5661358202157,-17.90877866645643,173 days 00:00:00,39 days 00:00:00,6,50.0,71.0973046678558,-38.953798844371654,2.491389605906802,109 days 00:00:00,59 days 00:00:00,1.8776943279815221,7.42083732148267,0.036399125562519064,0.025152987779658742,RSIDivergence,AVAX-USD,0.118917621647567,
2024-03-01 00:00:00,2025-02-28 00:00:00,364 days 00:00:00,39.45205479452055,40139.22328861161,125440.62392181321,-66.24619401860294,-47.80393772019127,-66.2461940186026,20.072104882347812,-66.34675609629012,-3.300410913897828,-1.535449614238909,-0.963721427318634,-49.72513627532284,0.34560035284084945,-68.7399824687095,-36.38731210824846,326 days 00:00:00,165 days 00:00:00,3,0.0,-23.18051349503709,-47.02056898132872,-36.238927462197246,82 days 00:00:00,53 days 00:00:00,0.0,-35.50286786368503,-1.6186070165711335,,Scalping,AVAX-USD,0.118917621647567,
2024-03-01 00:00:00,2025-02-28 00:00:00,364 days 00:00:00,60.82191780821918,81223.67971649097,194755.07131805347,-31.697524226298924,-47.80393772019127,-31.69752422629919,58.14958170185509,-31.769021270700392,-0.5451032199821993,-0.6267487558195814,-0.5319713166341815,-3.008375853434501,0.6001419494098871,-59.58502504768786,-15.726958837354593,113 days 00:00:00,28 days 00:00:00,1,0.0,-31.697842726080015,-31.697842726080015,-31.697842726080015,221 days 00:00:00,221 days 00:00:00,0.0,-31.697842726080015,,,VolumeSpikeReversal,AVAX-USD,0.118917621647567,
2024-03-01 00:00:00,2025-02-28 00:00:00,364 days 00:00:00,19.726027397260275,74598.2759586324,101121.21170661823,22.980164728241995,13.877649047998423,22.980164728240517,48.21059494513844,23.050071410919614,0.47666212695344135,0.9594504932414619,0.8761214500384756,20.230248195320538,0.19815435045304589,-26.229428268456758,-9.051086521736682,225 days 00:00:00,51 days 00:00:00,5,40.0,24.588365963734347,-8.414131619612553,4.224011626456714,33 days 00:00:00,14 days 00:00:00,2.6720718196151605,4.966545883334718,0.642945783544411,0.21353032306826106,BollingerBandsBreakout,SOL-USD,0.0606587868242635,
2024-03-01 00:00:00,2025-02-28 00:00:00,364 days 00:00:00,10.684931506849315,69035.45397071735,86484.50294410602,13.8094867784319,13.877649047998423,13.8094867784333,30.184732318869234,13.849938760704372,0.4574990638495953,0.8690068192293142,0.61515807492719,12.509985253958977,0.09363988957916111,-22.44868000809026,-7.488254900969325,284 days 00:00:00,55 days 00:00:00,5,60.0,31.353648373637476,-12.971632798977573,2.6282787438478783,25 days 00:00:00,7 days 00:00:00,2.0238075026250453,3.6293872492687522,0.35394933779447546,0.23414939499214427,LarryWilliamsPriceAction,SOL-USD,0.0606587868242635,
2024-03-01 00:00:00,2025-02-28 00:00:00,364 days 00:00:00,0.0,60658.786824263494,60658.786824263494,0.0,-20.091161342991075,0.0,0.0,0.0,,,,0.0,0.0,-0.0,,,,0,,,,,,,,,,,MACDBollingerBandsMeanReversion,SOL-USD,0.0606587868242635,
2024-03-01 00:00:00,2025-02-28 00:00:00,364 days 00:00:00,22.465753424657535,62285.62403129474,70595.79192008868,2.681948143381781,13.877649047998423,2.681948143383406,40.400627526306145,2.689414335418383,0.06638382390563373,0.11057735704385405,0.12894204775591828,-0.08361491864157111,0.19928181296833053,-20.799639761113596,-7.021029558418087,348 days 00:00:00,91 days 00:00:00,19,47.368421052631575,10.80999457211873,-9.361081655746172,0.14028821719596074,8 days 00:00:00,4 days 00:00:00,1.1464826878036922,0.2980586638908054,0.10723071110924104,0.03013215405057934,MeanReversion,SOL-USD,0.0606587868242635,
2024-03-01 00:00:00,2025-02-28 00:00:00,364 days 00:00:00,65.20547945205479,61518.82037589924,117058.1133904256,1.4178218798331315,13.877649047998423,1.4178218798304831,74.54700088850109,1.4217445540604556,0.019019167276106783,0.032768334847100254,0.02922675385841375,-6.888371666138748,0.5985303070601777,-48.51109660344037,-17.063573447829295,101 days 00:00:00,29 days 00:00:00,2,100.0,4.924611726125971,1.4102771678443649,3.152479160100108,237 days 00:00:00,222 days 00:00:00,,3.167444446985168,1.0152498707286124,,MichaelHarrisPriceAction,SOL-USD,0.0606587868242635,
2024-03-01 00:00:00,2025-02-28 00:00:00,364 days 00:00:00,56.986301369863014,75350.24154472248,93475.68684593096,24.219829458545,13.877649047998423,24.21982945854422,81.42855802018704,24.293865587310815,0.29743655109967504,0.6423418262688619,0.5334963872711675,17.40311497337627,0.4912009564150137,-45.398300787805844,-10.51791525513945,348 days 00:00:00,72 days 00:00:00,25,36.0,42.16156585308097,-15.464672928871082,0.5904535243214104,25 days 00:00:00,8 days 00:00:00,1.3663356074061275,1.2417105198724627,0.3837431101974626,0.07687254166823237,Momentum,SOL-USD,0.0606587868242635,
2024-03-01 00:00:00,2025-02-28 00:00:00,364 days 00:00:00,46.57534246575342,67917.48164367574,121064.57242294209,11.966435861042921,13.877649047998423,11.966435861044268,69.97152581239273,12.001208979033073,0.17101864968799751,0.31610926239887416,0.2657099563844841,5.628493986490138,0.45670140905219864,-45.035707445334694,-13.49789372765639,108 days 00:00:00,31 days 00:00:00,5,80.0,22.809835237948484,-27.70881686629857,2.288430742915226,50 days 00:00:00,33 days 00:00:00,1.702193490191578,3.8913901648850913,0.20391077782242673,0.17457127960077023,RSIDivergence,SOL-USD,0.0606587868242635,
2024-03-01 00:00:00,2025-02-28 00:00:00,364 days 00:00:00,88.21917808219179,53811.15410224811,102392.50436775104,-11.288772955275018,13.877649047998423,-11.288772955274663,80.53207949705451,-11.317960904674141,-0.1401773433118358,-0.2188277858701909,-0.2327035759026109,-22.835363891527695,0.8320278814024372,-48.51138583276066,-19.353493589592233,170 days 00:00:00,40 days 00:00:00,2,0.0,-2.212904594925158,-11.31014651920773,-6.872543448302304,321 days 00:00:00,321 days 00:00:00,0.0,-6.761525557066444,-1.0009104369874293,,Scalping,SOL-USD,0.0606587868242635,
2024-03-01 00:00:00,2025-02-28 00:00:00,364 days 00:00:00,0.0,60658.786824263494,60658.786824263494,0.0,13.877649047998423,0.0,0.0,0.0,,,,0.0,0.0,-0.0,,,,0,,,,,,,,,,,VolumeSpikeReversal,SOL-USD,0.0606587868242635,
2024-03-01 00:00:00,2025-02-28 00:00:00,364 days 00:00:00,9.04109589041096,16786.087567128117,25749.982260941444,-3.0247065922615923,-26.141488442379902,-3.0247065922619276,50.51972895102283,-3.032888922950372,-0.05987178979511704,-0.1224762878426174,-0.08688872834377728,3.4487607755149647,0.24763193503863154,-34.811265510695534,-13.846192381201755,78 days 00:00:00,20 days 00:00:00,4,25.0,17.1708807061828,-8.379204909008974,-0.767721634691132,24 days 00:00:00,8 days 00:00:00,0.9386018643547014,-0.28080597929353857,-0.12935725762155975,-0.045924418145937396,BollingerBandsBreakout,LINK-USD,0.0173096538069238,
2024-03-01 00:00:00,2025-02-28 00:00:00,364 days 00:00:00,33.97260273972603,26023.753187292994,37062.473917654934,50.34242439258711,-26.141488442379902,50.34242439259127,81.43135162536838,50.51092925364533,0.6182191918438948,1.5487299352525943,1.6319505844201563,58.2934355896804,0.3041529641519309,-30.84800782155931,-11.996895012959254,177 days 00:00:00,35 days 00:00:00,13,53.84615384615385,63.24047633395797,-7.7665582265615924,3.1866750182683257,35 days 00:00:00,9 days 00:00:00,2.7872570116704427,4.373024191697712,0.7721342757431208,0.3162338216027286,LarryWilliamsPriceAction,LINK-USD,0.0173096538069238,
2024-03-01 00:00:00,2025-02-28 00:00:00,364 days 00:00:00,55.89041095890411,24112.847672051364,46744.78112465757,39.30288809361577,-16.32117596139159,39.30288809361606,122.00524018266998,39.429803513098264,0.32214098373783434,0.8724373753271053,0.8117754964905252,49.77251832005995,0.6414752375202938,-48.415957692158294,-12.69869741045392,78 days 00:00:00,17 days 00:00:00,1,100.0,39.30962268540341,39.30962268540341,39.30962268540341,203 days 00:00:00,203 days 00:00:00,,39.30962268540341,,,MACDBollingerBandsMeanReversion,LINK-USD,0.0173096538069238,
2024-03-01 00:00:00,2025-02-28 00:00:00,364 days 00:00:00,19.45205479452055,10057.943145302706,17309.6538069238,-41.89402481706732,-26.141488442379902,-41.89402481706828,18.938733763641245,-41.98062459281275,-2.2120816174889586,-1.586826678346647,-1.0000000000000229,-38.772271292809535,0.11941758906110626,-41.89402481706732,-41.89402481706732,363 days 00:00:00,363 days 00:00:00,20,25.0,13.945622750194486,-15.374072287756679,-2.6805562411093886,6 days 00:00:00,3 days 00:00:00,0.37510443540870175,-2.485817242209904,-1.876408090298893,-0.4490615774540172,MeanReversion,LINK-USD,0.0173096538069238,
2024-03-01 00:00:00,2025-02-28 00:00:00,364 days 00:00:00,68.4931506849315,19645.752663849766,38080.28492474454,13.495930554032991,-26.141488442379902,13.495930554028845,111.70169575555869,13.535410554195359,0.12082117879000273,0.26463583713760036,0.27878596188316784,33.649802047904,0.7709534802615934,-48.40964897538367,-11.836769497893936,113 days 00:00:00,18 days 00:00:00,1,100.0,13.50168505213527,13.50168505213527,13.50168505213527,249 days 00:00:00,249 days 00:00:00,,13.50168505213527,,,MichaelHarrisPriceAction,LINK-USD,0.0173096538069238,
2024-03-01 00:00:00,2025-02-28 00:00:00,364 days 00:00:00,52.87671232876713,11228.970155037816,17404.950758217747,-35.12885768664959,-26.141488442379902,-35.128857686649894,49.10271663100312,-35.20593853113556,-0.7154157671282443,-0.8673115166830313,-0.6303503000920523,-22.074991809514422,0.4993543464790848,-55.729104406740035,-33.930461722064464,355 days 00:00:00,182 days 00:00:00,27,18.51851851851852,65.30948539239887,-13.588050699588884,-1.9327271981322447,27 days 00:00:00,7 days 00:00:00,0.7721047557300968,-1.103344900940827,-0.8158263650709703,-0.12761602372527553,Momentum,LINK-USD,0.0173096538069238,
2024-03-01 00:00:00,2025-02-28 00:00:00,364 days 00:00:00,53.15068493150685,11800.26378476995,24496.574104546482,-31.82842408985739,-26.141488442379902,-31.828424089856412,40.08683054367253,-31.90014300526406,-0.7939870440787528,-0.821976410738021,-0.6141054603348916,-22.58347173577941,0.3536505725163799,-51.82892214066839,-18.89103255282884,277 days 00:00:00,77 days 00:00:00,4,25.0,30.168026576985984,-29.75788373873075,-13.045727997253643,118 days 00:00:00,50 days 00:00:00,0.4228988157345363,-10.29206231890897,-0.5309353136926794,-0.2639117810229583,RSIDivergence,LINK-USD,0.0173096538069238,
2024-03-01 00:00:00,2025-02-28 00:00:00,364 days 00:00:00,38.082191780821915,9139.4791553201,18919.10520157712,-47.200104304429594,-26.141488442379902,-47.200104304430624,26.391402236382916,-47.29266382893166,-1.7884651933863918,-1.3086218126845153,-0.9131062216869835,-40.06798133241363,0.2728277308209257,-51.69180012510199,-30.837331300379205,339 days 00:00:00,174 days 00:00:00,3,0.0,-22.116424012821422,-27.90687092746157,-25.644041606918055,112 days 00:00:00,53 days 00:00:00,0.0,-25.602343458256914,-1.9098246315951317,,Scalping,LINK-USD,0.0173096538069238,
2024-03-01 00:00:00,2025-02-28 00:00:00,364 days 00:00:00,30.136986301369863,18118.1967405309,35120.50764884846,4.671052018866402,-26.141488442379902,4.671052018866617,77.6544414162953,4.684180549932893,0.060151768960975696,0.11947684220585521,0.09648671821224057,17.405897849367307,0.48715075496066645,-48.411347234256276,-11.266903704626202,78 days 00:00:00,12 days 00:00:00,1,100.0,4.672556185872012,4.672556185872012,4.672556185872012,109 days 00:00:00,109 days 00:00:00,,4.672556185872012,,,VolumeSpikeReversal,LINK-USD,0.0173096538069238,
