,date,ADA-USD,AVAX-USD,BTC-USD,ETH-USD,LINK-USD,LTC-USD,SOL-USD,UNI-USD,XRP-USD
0,2024-01-04,0.5705670118331909,38.73783493041992,44179.921875,2269.0380859375,14.5540189743042,66.49139404296875,105.0775375366211,0.0002209999947808683,0.5882260203361511
1,2024-01-05,0.5412420034408569,36.43484878540039,44162.69140625,2268.647216796875,14.065112113952637,66.02114868164062,99.97879028320312,0.0002209999947808683,0.5764859914779663
2,2024-01-06,0.5231029987335205,34.62417984008789,43989.1953125,2241.624755859375,13.42838191986084,65.67607879638672,93.85771942138672,0.00022000000171829015,0.5685120224952698
3,2024-01-07,0.4941740036010742,33.62965393066406,43943.09765625,2222.865966796875,13.140296936035156,64.2574691772461,89.2763442993164,0.00022000000171829015,0.5517410039901733
4,2024-01-08,0.5409359931945801,36.08260726928711,46970.50390625,2333.03271484375,14.156993865966797,67.80654907226562,97.79044342041016,0.00023499999952036887,0.5779229998588562
5,2024-01-09,0.5115270018577576,34.695011138916016,46139.73046875,2344.8271484375,13.705975532531738,66.94928741455078,99.40918731689453,0.00018899999849963933,0.5666329860687256
6,2024-01-10,0.5666469931602478,38.472389221191406,46627.77734375,2582.103515625,15.031819343566895,69.89013671875,102.03302001953125,0.00019099999917671084,0.5999889969825745
7,2024-01-11,0.5821790099143982,39.445777893066406,46368.5859375,2619.619140625,15.032686233520508,71.9844741821289,99.90943908691406,0.0001900000061141327,0.6020950078964233
8,2024-01-12,0.5473330020904541,35.87169647216797,42853.16796875,2524.460205078125,14.134305000305176,72.90021514892578,91.72090911865234,0.00017600000137463212,0.5702990293502808
9,2024-01-13,0.5493360161781311,36.45083999633789,42842.3828125,2576.597900390625,14.364034652709961,71.98751068115234,95.73004913330078,0.00017600000137463212,0.575078010559082
10,2024-01-14,0.5259810090065002,35.33799743652344,41796.26953125,2472.2412109375,14.79709243774414,69.81559753417969,94.13314056396484,0.00017100000695791095,0.5762330293655396
11,2024-01-15,0.5281609892845154,35.66428756713867,42511.96875,2511.36376953125,15.195074081420898,69.255615234375,94.49022674560547,0.0001740000006975606,0.5759199857711792
12,2024-01-16,0.5356760025024414,35.59072494506836,43154.9453125,2587.691162109375,15.261761665344238,69.47465515136719,97.62691497802734,0.00017699999443721026,0.5759469866752625
13,2024-01-17,0.5270289778709412,36.00657653808594,42742.65234375,2528.369384765625,15.730317115783691,69.38614654541016,102.0635986328125,0.00017499999376013875,0.5679730176925659
14,2024-01-18,0.5018740296363831,33.52815246582031,41262.05859375,2467.018798828125,14.649992942810059,67.99267578125,94.2509536743164,0.00016900000628083944,0.5519070029258728
15,2024-01-19,0.503150999546051,32.643001556396484,41618.40625,2489.49853515625,16.04130744934082,71.1841812133789,93.38616943359375,0.00017100000695791095,0.5442559719085693
16,2024-01-20,0.5150049924850464,32.80842590332031,41665.5859375,2469.589111328125,15.742375373840332,71.29741668701172,92.56983947753906,0.00017100000695791095,0.5531259775161743
17,2024-01-21,0.5031049847602844,32.473045349121094,41545.78515625,2453.9130859375,15.391012191772461,71.60008239746094,90.84843444824219,0.00016999999934341758,0.546110987663269
18,2024-01-22,0.4785020053386688,29.48309326171875,39507.3671875,2310.826416015625,14.544947624206543,67.28827667236328,83.62281036376953,0.00016199999663513154,0.5267159938812256
19,2024-01-23,0.4767490029335022,30.59178352355957,39845.55078125,2240.68603515625,14.274681091308594,65.44943237304688,84.27450561523438,0.0001630000042496249,0.5177369713783264
20,2024-01-24,0.47629600763320923,31.217866897583008,40077.07421875,2233.561767578125,14.23513412475586,66.14016723632812,88.73200988769531,0.00016399999731220305,0.5179880261421204
21,2024-01-25,0.46647900342941284,30.48063850402832,39933.80859375,2217.710205078125,13.757712364196777,65.49899291992188,86.88921356201172,0.00016399999731220305,0.5136060118675232
22,2024-01-26,0.48529401421546936,32.27981948852539,41816.87109375,2267.19970703125,14.195534706115723,67.03406524658203,92.44236755371094,0.00017100000695791095,0.5321890115737915
23,2024-01-27,0.48632100224494934,33.261962890625,42120.0546875,2267.885986328125,14.34029769897461,68.08456420898438,94.16321563720703,0.00017299999308306724,0.5302600264549255
24,2024-01-28,0.4897190034389496,34.79377365112305,42035.59375,2257.208740234375,14.517561912536621,68.39750671386719,95.93798065185547,0.0001720000000204891,0.5240939855575562
25,2024-01-29,0.5252749919891357,36.073768615722656,43288.24609375,2317.064208984375,14.988256454467773,68.45301055908203,101.56666564941406,0.00017699999443721026,0.5350900292396545
26,2024-01-30,0.5141649842262268,35.144779205322266,42952.609375,2344.49365234375,15.467368125915527,67.51202392578125,101.47297668457031,0.00017600000137463212,0.5106980204582214
27,2024-01-31,0.49825599789619446,33.16189956665039,42582.60546875,2282.54443359375,15.39860725402832,66.75304412841797,97.0287094116211,0.00017499999376013875,0.5031930208206177
28,2024-02-01,0.5070229768753052,33.82854080200195,43075.7734375,2303.82470703125,17.184246063232422,67.51658630371094,97.84669494628906,0.00017699999443721026,0.5058590173721313
29,2024-02-02,0.5139579772949219,36.707916259765625,43185.859375,2308.0380859375,17.791160583496094,68.0035171508789,100.44052124023438,0.00017699999443721026,0.5104119777679443
30,2024-02-03,0.5128610134124756,35.91640090942383,42992.25,2296.038330078125,17.661924362182617,68.83683776855469,97.8799819946289,0.00017600000137463212,0.5189390182495117
31,2024-02-04,0.49425598978996277,34.844993591308594,42583.58203125,2289.546142578125,18.17605972290039,66.93138885498047,95.47695922851562,0.00017499999376013875,0.5032879710197449
32,2024-02-05,0.49333998560905457,34.50077438354492,42658.66796875,2298.888916015625,19.131561279296875,67.61941528320312,95.54866027832031,0.00017499999376013875,0.5062440037727356
33,2024-02-06,0.4984630048274994,34.1414680480957,43084.671875,2372.201904296875,18.29801368713379,68.29098510742188,96.86107635498047,0.00017699999443721026,0.5051530003547668
34,2024-02-07,0.5017729997634888,35.27924728393555,44318.22265625,2423.7451171875,18.85492515563965,68.5560302734375,100.97927856445312,0.00018200000340584666,0.5137889981269836
35,2024-02-08,0.5292689800262451,35.427764892578125,45301.56640625,2419.906494140625,18.231304168701172,70.5627670288086,102.78563690185547,0.00018600000475998968,0.5145289897918701
36,2024-02-09,0.5407919883728027,38.01095962524414,47147.19921875,2487.515625,18.46788215637207,70.67704772949219,106.93333435058594,0.00019299999985378236,0.5260310173034668
37,2024-02-10,0.5514119863510132,40.2883186340332,47771.27734375,2501.228271484375,19.091100692749023,70.80987548828125,109.1314697265625,0.000195999993593432,0.5241119861602783
38,2024-02-11,0.5414100289344788,39.732269287109375,48293.91796875,2507.570556640625,20.12895965576172,71.54000091552734,107.49528503417969,0.00019799999427050352,0.5260840058326721
39,2024-02-12,0.560030996799469,41.08818817138672,49958.22265625,2658.115966796875,20.491962432861328,72.93286895751953,111.99275207519531,0.00020500000391621143,0.5318970084190369
40,2024-02-13,0.5449960231781006,39.765350341796875,49742.44140625,2642.185302734375,19.88628387451172,69.00106048583984,112.57930755615234,0.00020399999630171806,0.5248349905014038
41,2024-02-14,0.5773019790649414,42.26839065551758,51826.6953125,2777.90234375,20.277942657470703,69.89627838134766,116.97632598876953,0.00021300000662449747,0.5384010076522827
42,2024-02-15,0.6083629727363586,41.596004486083984,51938.5546875,2824.37890625,19.94938087463379,69.81148529052734,113.69940948486328,0.00021300000662449747,0.5627549886703491
43,2024-02-16,0.5988720059394836,40.312129974365234,52160.203125,2803.69140625,19.57235336303711,70.6171646118164,110.44591522216797,0.00021399999968707561,0.5649600028991699
44,2024-02-17,0.6083459854125977,39.762489318847656,51662.99609375,2786.672607421875,20.03460693359375,69.9896240234375,108.98401641845703,0.0002119999990100041,0.5498859882354736
45,2024-02-18,0.6187340021133423,40.254661560058594,52122.546875,2878.998046875,20.096508026123047,70.7302474975586,112.17467498779297,0.00021399999968707561,0.5569030046463013
46,2024-02-19,0.6310629844665527,39.482234954833984,51779.14453125,2943.57470703125,19.820606231689453,71.31204223632812,111.4853286743164,0.0002119999990100041,0.5625969767570496
47,2024-02-20,0.6221650242805481,38.52740478515625,52284.875,3013.503662109375,19.295194625854492,69.65516662597656,108.45964050292969,0.00021399999968707561,0.5629220008850098
48,2024-02-21,0.5984579920768738,37.63543701171875,51839.1796875,2970.35546875,18.58225440979004,68.93756103515625,105.1252212524414,0.00021300000662449747,0.5490040183067322
49,2024-02-22,0.5859019756317139,36.75072479248047,51304.97265625,2971.00732421875,18.112953186035156,68.76451873779297,101.66979217529297,0.0002099999983329326,0.540913999080658
50,2024-02-23,0.5832419991493225,35.92631912231445,50731.94921875,2921.658203125,17.939098358154297,68.82816314697266,99.95469665527344,0.00020799999765586108,0.5345339775085449
51,2024-02-24,0.5966960191726685,36.73804473876953,51571.1015625,2992.385986328125,18.52635955810547,70.3870620727539,104.1335220336914,0.00021100000594742596,0.545117974281311
52,2024-02-25,0.5913789868354797,37.44997024536133,51733.23828125,3112.697265625,18.704635620117188,70.08211517333984,103.4534912109375,0.0002119999990100041,0.5424249768257141
53,2024-02-26,0.6197360157966614,39.33618927001953,54522.40234375,3178.99365234375,19.116256713867188,71.9378890991211,109.91853332519531,0.0002229999954579398,0.5514050126075745
54,2024-02-27,0.6242160201072693,39.268646240234375,57085.37109375,3244.519287109375,19.036426544189453,74.03375244140625,108.3880844116211,0.00023400000645779073,0.5862579941749573
55,2024-02-28,0.6310589909553528,40.2947883605957,62504.7890625,3385.703857421875,19.431785583496094,74.59254455566406,118.05220031738281,0.00040600000647827983,0.5758110284805298
56,2024-02-29,0.655646026134491,40.935386657714844,61198.3828125,3341.919677734375,19.287715911865234,79.9408950805664,125.71151733398438,0.0002699999895412475,0.5863249897956848
57,2024-03-01,0.7190809845924377,42.85532760620117,62440.6328125,3435.053955078125,20.0609073638916,85.08411407470703,129.9904022216797,0.0002749999985098839,0.6018900275230408
58,2024-03-02,0.7409279942512512,44.33390808105469,62029.84765625,3422.0498046875,21.421598434448242,94.41902923583984,129.70018005371094,0.0002730000123847276,0.64485102891922
59,2024-03-03,0.7282379865646362,42.6048583984375,63167.37109375,3490.99365234375,20.513017654418945,90.66835021972656,130.45086669921875,0.00027799999224953353,0.6270719766616821
60,2024-03-04,0.7712939977645874,43.08823776245117,68330.4140625,3630.433837890625,20.44875717163086,88.93545532226562,133.194580078125,0.0003009999927598983,0.6501330137252808
61,2024-03-05,0.6934900283813477,39.50013732910156,63801.19921875,3554.964599609375,19.010520935058594,82.04119873046875,125.70671081542969,0.00019200000679120421,0.5929009914398193
62,2024-03-06,0.7338209748268127,41.51433563232422,66106.8046875,3819.226318359375,20.075965881347656,85.82997131347656,130.7420196533203,0.00019799999427050352,0.6122530102729797
63,2024-03-07,0.7447419762611389,43.29000473022461,66925.484375,3874.34765625,20.127426147460938,88.10804748535156,143.9778594970703,0.00021399999968707561,0.6286240220069885
64,2024-03-08,0.7248539924621582,42.74036407470703,68300.09375,3892.06103515625,19.741352081298828,88.63076782226562,145.2400360107422,0.00021899999410379678,0.6219549775123596
65,2024-03-09,0.7437130212783813,43.000335693359375,68498.8828125,3915.4189453125,20.028526306152344,90.8468017578125,144.6072540283203,0.00021899999410379678,0.6218050122261047
66,2024-03-10,0.7172269821166992,42.052711486816406,69019.7890625,3881.193115234375,21.75461196899414,87.50755310058594,144.5151824951172,0.00022000000171829015,0.6084319949150085
67,2024-03-11,0.7741900086402893,49.007232666015625,72123.90625,4066.445068359375,21.289613723754883,103.7921142578125,148.75096130371094,0.00023099999816622585,0.7180359959602356
68,2024-03-12,0.7480549812316895,55.59136962890625,71481.2890625,3980.273193359375,20.66677474975586,97.53800201416016,151.01544189453125,0.00022899999748915434,0.6882089972496033
69,2024-03-13,0.7645800113677979,54.948246002197266,73083.5,4006.45703125,20.7681884765625,97.32198333740234,163.83981323242188,0.00023400000645779073,0.6909499764442444
70,2024-03-14,0.7504739761352539,54.05936813354492,71396.59375,3883.140380859375,20.906293869018555,94.11614227294922,176.67974853515625,0.00022899999748915434,0.669966995716095
71,2024-03-15,0.7264410257339478,58.48988723754883,69403.7734375,3735.22021484375,19.60538673400879,89.71339416503906,182.96469116210938,0.00022200000239536166,0.6337370276451111
72,2024-03-16,0.6595349907875061,53.49980545043945,65315.1171875,3522.860107421875,18.12628936767578,84.13844299316406,181.88034057617188,0.00020900000527035445,0.6030600070953369
73,2024-03-17,0.681098997592926,58.115814208984375,68390.625,3642.4130859375,18.674497604370117,85.85752868652344,202.12356567382812,0.00021899999410379678,0.6192319989204407
74,2024-03-18,0.6612579822540283,60.689945220947266,67548.59375,3517.985107421875,18.32435417175293,87.1122055053711,195.9927520751953,0.00021699999342672527,0.6475650072097778
75,2024-03-19,0.5869140028953552,53.52589416503906,61912.7734375,3157.6181640625,16.809295654296875,78.58637237548828,170.0162811279297,0.00019799999427050352,0.5844410061836243
76,2024-03-20,0.6394810080528259,57.03071975708008,67913.671875,3513.39306640625,18.406482696533203,84.78901672363281,191.54962158203125,0.00021699999342672527,0.6121619939804077
77,2024-03-21,0.6318680047988892,53.86556625366211,65491.390625,3492.9912109375,18.43138313293457,85.70162200927734,179.2207489013672,0.0002099999983329326,0.6406909823417664
78,2024-03-22,0.6132630109786987,53.267066955566406,63778.76171875,3333.68798828125,18.290664672851562,83.31150817871094,174.36370849609375,0.00020300000323913991,0.6109489798545837
79,2024-03-23,0.6258620023727417,53.412357330322266,64062.203125,3336.593994140625,18.07221794128418,85.42414093017578,172.90225219726562,0.00020500000391621143,0.6175959706306458
80,2024-03-24,0.6461570262908936,55.6641960144043,67234.171875,3454.636474609375,18.532669067382812,89.69075012207031,183.57345581054688,0.00021499999274965376,0.6329500079154968
81,2024-03-25,0.656948983669281,57.823333740234375,69958.8125,3590.8837890625,19.359712600708008,90.72403717041016,189.0835418701172,0.00022400000307243317,0.6410340070724487
82,2024-03-26,0.6650339961051941,55.81808853149414,69987.8359375,3587.5048828125,20.01067543029785,95.86446380615234,190.69985961914062,0.00022400000307243317,0.6322529911994934
83,2024-03-27,0.6484829783439636,54.114627838134766,69455.34375,3500.115234375,19.302181243896484,93.6755142211914,186.36146545410156,0.0002229999954579398,0.6119639873504639
84,2024-03-28,0.6507940292358398,54.621883392333984,70744.953125,3561.2939453125,19.16071319580078,94.2191162109375,189.6216278076172,0.00022600000374950469,0.6245539784431458
85,2024-03-29,0.6644030213356018,53.4062385559082,69892.828125,3511.80615234375,18.993438720703125,109.25897216796875,192.2279510498047,0.00022400000307243317,0.6307500004768372
86,2024-03-30,0.6443660259246826,53.00242614746094,69645.3046875,3507.9443359375,18.943042755126953,102.86311340332031,194.3855438232422,0.0002229999954579398,0.6218360066413879
87,2024-03-31,0.650426983833313,54.11042785644531,71333.6484375,3647.8564453125,19.137727737426758,105.18340301513672,202.87413024902344,0.0002280000044265762,0.6292250156402588
88,2024-04-01,0.6216840147972107,51.45050048828125,69702.1484375,3505.030029296875,18.38026237487793,99.3753433227539,192.5678253173828,0.0002229999954579398,0.6112579703330994
89,2024-04-02,0.5809869766235352,46.820255279541016,65446.97265625,3277.234619140625,17.963333129882812,106.81754302978516,181.17225646972656,0.00020900000527035445,0.5854660272598267
90,2024-04-03,0.5712779760360718,45.94569778442383,65980.8125,3311.44189453125,17.706615447998047,98.57223510742188,185.2486114501953,0.00021100000594742596,0.5749170184135437
91,2024-04-04,0.582955002784729,46.506927490234375,68508.84375,3330.04052734375,17.793916702270508,98.40848541259766,183.95811462402344,0.00021899999410379678,0.5936560034751892
92,2024-04-05,0.5748339891433716,45.38042449951172,67837.640625,3318.88525390625,17.347497940063477,98.04344940185547,174.5015106201172,0.00021699999342672527,0.5875229835510254
93,2024-04-06,0.5843380093574524,48.19573974609375,68896.109375,3354.183837890625,17.57422637939453,101.50172424316406,178.91534423828125,0.0002209999947808683,0.5933399796485901
94,2024-04-07,0.5894740223884583,49.387210845947266,69362.5546875,3453.49462890625,17.922143936157227,101.17562866210938,179.6498565673828,0.00022200000239536166,0.59483402967453
95,2024-04-08,0.6141589879989624,49.883567810058594,71631.359375,3695.292724609375,18.100648880004883,103.3110580444336,180.78477478027344,0.00026500000967644155,0.6154900193214417
96,2024-04-09,0.5918930172920227,46.47019577026367,69139.015625,3505.163330078125,17.36273765563965,97.49812316894531,172.4136199951172,0.00020799999765586108,0.6138169765472412
97,2024-04-10,0.5862550139427185,47.31169509887695,70587.8828125,3543.737060546875,17.42534637451172,96.69976043701172,173.43736267089844,0.0002119999990100041,0.6175609827041626
98,2024-04-11,0.5861909985542297,46.05759811401367,70060.609375,3505.247802734375,17.550020217895508,98.68910217285156,172.5763702392578,0.0002099999983329326,0.6088799834251404
99,2024-04-12,0.5035750269889832,39.41774368286133,67195.8671875,3243.034912109375,15.157100677490234,86.26956939697266,153.63546752929688,0.00020199999562464654,0.5484139919281006
100,2024-04-13,0.4479080140590668,34.07841110229492,63821.47265625,3004.900390625,13.3458251953125,77.60658264160156,139.34169006347656,0.00019200000679120421,0.4808189868927002
101,2024-04-14,0.46891099214553833,37.316444396972656,65738.7265625,3156.94189453125,14.119750022888184,79.9143295288086,151.28494262695312,0.00019700000120792538,0.5042579770088196
102,2024-04-15,0.46079498529434204,35.157203674316406,63426.2109375,3101.600341796875,13.582572937011719,78.07315063476562,138.5086212158203,0.0001900000061141327,0.4977310001850128
103,2024-04-16,0.45860499143600464,34.76621627807617,63811.86328125,3084.920166015625,13.488032341003418,79.92219543457031,136.27932739257812,0.00019099999917671084,0.49669501185417175
104,2024-04-17,0.4442949891090393,33.54623794555664,61276.69140625,2984.7275390625,13.135204315185547,80.16748046875,131.86618041992188,0.00018400000408291817,0.4948410093784332
105,2024-04-18,0.45814400911331177,34.85084533691406,63512.75390625,3066.027587890625,13.89305305480957,80.79938507080078,142.0823974609375,0.0001900000061141327,0.5029829740524292
106,2024-04-19,0.46878400444984436,34.72248077392578,63843.5703125,3059.278564453125,13.966599464416504,80.9097900390625,142.6804962158203,0.00019200000679120421,0.503786027431488
107,2024-04-20,0.5059080123901367,38.301055908203125,64994.44140625,3157.627197265625,14.964591979980469,85.092041015625,151.13356018066406,0.00019500000053085387,0.5292930006980896
108,2024-04-21,0.4992919862270355,37.11705017089844,64926.64453125,3147.28857421875,15.080411911010742,84.16567993164062,148.60931396484375,0.00019500000053085387,0.5246800184249878
109,2024-04-22,0.516884982585907,39.22599411010742,66837.6796875,3201.652099609375,15.465097427368164,85.4677963256836,157.03121948242188,0.00019999999494757503,0.556833028793335
110,2024-04-23,0.5001959800720215,38.2866096496582,66407.2734375,3219.91162109375,15.196627616882324,85.10800170898438,154.70130920410156,0.00019999999494757503,0.5451589822769165
111,2024-04-24,0.4749099910259247,36.368186950683594,64276.8984375,3139.80517578125,14.537848472595215,83.16317749023438,147.74514770507812,0.00019299999985378236,0.5274040102958679
112,2024-04-25,0.47102001309394836,35.58365249633789,64481.70703125,3156.509521484375,14.599360466003418,83.79810333251953,144.89212036132812,0.0001939999929163605,0.5255119800567627
113,2024-04-26,0.46272900700569153,34.40515899658203,63755.3203125,3130.164794921875,14.480972290039062,87.99208068847656,139.10433959960938,0.00019200000679120421,0.5261120200157166
114,2024-04-27,0.46703198552131653,34.43024826049805,63419.140625,3252.168212890625,14.252129554748535,83.88262939453125,141.28916931152344,0.0001900000061141327,0.5177749991416931
115,2024-04-28,0.46047401428222656,33.93898010253906,63113.23046875,3262.774658203125,13.808069229125977,83.95203399658203,137.85641479492188,0.00018899999849963933,0.5103769898414612
116,2024-04-29,0.4573650062084198,35.364253997802734,63841.12109375,3215.428955078125,14.073784828186035,83.51525115966797,137.7766571044922,0.00019099999917671084,0.5154320001602173
117,2024-04-30,0.44081199169158936,32.706424713134766,60636.85546875,3012.286865234375,13.13352108001709,79.49531555175781,126.96270751953125,0.00018200000340584666,0.50006502866745
118,2024-05-01,0.44986599683761597,33.28810119628906,58254.01171875,2969.78466796875,13.344388008117676,80.09586334228516,134.6279754638672,0.00017499999376013875,0.5170000195503235
119,2024-05-02,0.4582819938659668,33.61256408691406,59123.43359375,2988.16845703125,13.59581470489502,80.12277221679688,137.81448364257812,0.00017699999443721026,0.5183290243148804
120,2024-05-03,0.46754398941993713,35.584896087646484,62889.8359375,3103.5419921875,14.109475135803223,81.93013763427734,143.77255249023438,0.00018899999849963933,0.5318940281867981
121,2024-05-04,0.463577002286911,37.36183166503906,63891.47265625,3117.576416015625,14.31827163696289,81.6870346069336,146.1350555419922,0.00019200000679120421,0.5304049849510193
122,2024-05-05,0.4583339989185333,37.401939392089844,64031.1328125,3137.2490234375,14.375481605529785,81.37557220458984,145.71302795410156,0.00019200000679120421,0.5297840237617493
123,2024-05-06,0.4542880058288574,37.138362884521484,63161.94921875,3062.728759765625,14.50192928314209,80.78765106201172,152.80239868164062,0.0001900000061141327,0.5405470132827759
124,2024-05-07,0.4418730139732361,35.341732025146484,62334.81640625,3006.5771484375,14.01184368133545,80.81792449951172,148.1343231201172,0.00018699999782256782,0.5247439742088318
125,2024-05-08,0.45255300402641296,34.04719924926758,61187.94140625,2973.6572265625,13.899291038513184,81.6363525390625,142.29473876953125,0.00018400000408291817,0.5172299742698669
126,2024-05-09,0.4635010063648224,35.08065414428711,63049.9609375,3036.0205078125,14.23800277709961,83.05622100830078,152.84994506835938,0.00018899999849963933,0.521028995513916
127,2024-05-10,0.4482499957084656,33.71251678466797,60792.77734375,2909.791259765625,13.568572998046875,80.2269287109375,146.21690368652344,0.00018200000340584666,0.5023379921913147
128,2024-05-11,0.4388760030269623,33.479148864746094,60793.7109375,2911.60205078125,13.301305770874023,81.34529876708984,145.3143768310547,0.00018200000340584666,0.5059750080108643
129,2024-05-12,0.4376530051231384,33.167240142822266,61448.39453125,2928.701904296875,13.546971321105957,81.38278198242188,143.52081298828125,0.0001849999971454963,0.49947500228881836
130,2024-05-13,0.43654000759124756,32.421722412109375,62901.44921875,2949.359619140625,13.378436088562012,80.6013412475586,147.28233337402344,0.00018899999849963933,0.5049020051956177
131,2024-05-14,0.42806899547576904,31.568510055541992,61552.7890625,2881.157958984375,12.975332260131836,78.73124694824219,142.0303955078125,0.0001849999971454963,0.49988698959350586
132,2024-05-15,0.45298799872398376,34.67960739135742,66267.4921875,3037.056640625,13.888160705566406,82.5345230102539,158.18682861328125,0.0001990000018849969,0.5190039873123169
133,2024-05-16,0.4596950113773346,34.46154022216797,65231.58203125,2945.131103515625,15.509692192077637,82.45768737792969,159.116455078125,0.000195999993593432,0.5156980156898499
134,2024-05-17,0.4819999933242798,36.423484802246094,67051.875,3094.11865234375,16.252931594848633,84.18548583984375,169.53054809570312,0.0002010000025620684,0.5238040089607239
135,2024-05-18,0.48240798711776733,37.268310546875,66940.8046875,3122.948974609375,16.31100845336914,83.86661529541016,172.5391387939453,0.0002010000025620684,0.5213900208473206
136,2024-05-19,0.467602014541626,35.621829986572266,66278.3671875,3071.843017578125,16.581558227539062,82.2212142944336,170.0913543701172,0.0001990000018849969,0.5096610188484192
137,2024-05-20,0.5017579793930054,40.13941955566406,71448.1953125,3663.85546875,17.277952194213867,88.60094451904297,186.52049255371094,0.00021399999968707561,0.5373330116271973
138,2024-05-21,0.4947740137577057,41.16374206542969,70136.53125,3789.312744140625,16.735185623168945,88.21318054199219,178.11614990234375,0.00021100000594742596,0.5369830131530762
139,2024-05-22,0.48312699794769287,39.992427825927734,69122.3359375,3737.2177734375,16.347694396972656,85.71488189697266,176.86077880859375,0.00020799999765586108,0.5265100002288818
140,2024-05-23,0.46533000469207764,38.508544921875,67929.5625,3776.92724609375,16.605215072631836,85.41560363769531,175.98577880859375,0.00020399999630171806,0.5282859802246094
141,2024-05-24,0.4594939947128296,37.99346923828125,68526.1015625,3726.9345703125,17.247709274291992,84.98160552978516,167.7969207763672,0.00013699999544769526,0.5357530117034912
142,2024-05-25,0.4620720148086548,38.287784576416016,69265.9453125,3749.236572265625,17.441204071044922,84.9808578491211,168.43763732910156,0.00013899999612476677,0.5418090224266052
143,2024-05-26,0.4583750069141388,36.752044677734375,68518.09375,3825.8974609375,17.046470642089844,83.8999252319336,163.3509063720703,0.00013699999544769526,0.5282109975814819
144,2024-05-27,0.46796301007270813,38.234317779541016,69394.5546875,3892.0068359375,18.778060913085938,85.2121810913086,169.9961395263672,0.00013899999612476677,0.5337719917297363
145,2024-05-28,0.45699000358581543,36.99539566040039,68296.21875,3840.25634765625,18.52767562866211,83.3997802734375,168.65084838867188,0.00013699999544769526,0.5282350182533264
146,2024-05-29,0.45099499821662903,36.136924743652344,67578.09375,3763.196533203125,18.452091217041016,83.48149871826172,168.0726776123047,0.00013499999477062374,0.523248016834259
147,2024-05-30,0.44658100605010986,35.98757553100586,68364.9921875,3746.849609375,17.944950103759766,84.41934967041016,166.97653198242188,0.00013699999544769526,0.5188609957695007
148,2024-05-31,0.44746100902557373,36.05586242675781,67491.4140625,3760.026611328125,18.422332763671875,83.23851776123047,165.63771057128906,0.00013499999477062374,0.517799973487854
149,2024-06-01,0.44997501373291016,35.76011276245117,67706.9375,3813.198974609375,18.41452407836914,83.43401336669922,166.03067016601562,0.00013499999477062374,0.5183129906654358
150,2024-06-02,0.4464940130710602,34.932491302490234,67751.6015625,3780.89599609375,18.148576736450195,83.05375671386719,163.24990844726562,0.00013499999477062374,0.5134819746017456
151,2024-06-03,0.45703598856925964,35.04046630859375,68804.78125,3766.38916015625,17.613609313964844,82.7983627319336,164.9234619140625,0.00013800000306218863,0.5200999975204468
152,2024-06-04,0.46148499846458435,36.07328796386719,70567.765625,3812.515869140625,17.72248077392578,83.65545654296875,171.8019256591797,0.00014099999680183828,0.5257650017738342
153,2024-06-05,0.46117499470710754,36.52158737182617,71082.8203125,3864.260986328125,17.738054275512695,85.41313171386719,173.48291015625,0.00014200000441633165,0.5257109999656677
154,2024-06-06,0.4581019878387451,35.91181564331055,70757.1640625,3811.60595703125,17.268896102905273,84.18112182617188,170.01622009277344,0.00014200000441633165,0.5215780138969421
155,2024-06-07,0.44964298605918884,33.507789611816406,69342.5859375,3678.629150390625,16.32770347595215,80.08868408203125,162.50704956054688,0.00013899999612476677,0.4989509880542755
156,2024-06-08,0.43657100200653076,32.29003143310547,69305.7734375,3680.949951171875,15.944519996643066,79.99410247802734,157.96890258789062,0.00013899999612476677,0.4931449890136719
157,2024-06-09,0.44410601258277893,32.96836853027344,69647.9921875,3705.90380859375,16.357593536376953,80.51000213623047,162.08360290527344,0.00013899999612476677,0.49858298897743225
158,2024-06-10,0.44046100974082947,32.274227142333984,69512.28125,3666.717529296875,15.89479923248291,79.60232543945312,158.9280242919922,0.00013899999612476677,0.4966279864311218
159,2024-06-11,0.4218910038471222,31.541475296020508,67332.03125,3498.33056640625,14.996339797973633,77.28195190429688,149.42898559570312,0.00013499999477062374,0.480320006608963
160,2024-06-12,0.4377959966659546,33.27341079711914,68241.1875,3559.61767578125,16.001293182373047,78.46941375732422,155.1775665283203,0.00013600000238511711,0.49154001474380493
161,2024-06-13,0.4211849868297577,30.98321533203125,66756.3984375,3469.28125,15.136268615722656,79.14324188232422,147.31442260742188,0.0001340000017080456,0.4770050048828125
162,2024-06-14,0.41168299317359924,30.291038513183594,66011.09375,3480.27197265625,14.741475105285645,77.54237365722656,143.0944366455078,0.0001320000010309741,0.47427499294281006
163,2024-06-15,0.41369500756263733,29.987537384033203,66191.0,3565.549560546875,14.858819961547852,79.19642639160156,145.41221618652344,0.0001320000010309741,0.49069100618362427
164,2024-06-16,0.41637900471687317,30.038869857788086,66639.046875,3620.5634765625,15.126066207885742,78.90593719482422,151.12550354003906,0.00013299999409355223,0.4888319969177246
165,2024-06-17,0.40175798535346985,28.480154037475586,66490.296875,3511.37890625,14.534425735473633,76.62609100341797,143.3342742919922,0.00013299999409355223,0.5051599740982056
166,2024-06-18,0.3835799992084503,26.618864059448242,65140.74609375,3483.681396484375,13.96777057647705,72.61646270751953,137.50399780273438,0.00013000000035390258,0.49094799160957336
167,2024-06-19,0.3837909996509552,26.89194107055664,64960.296875,3559.347412109375,14.334752082824707,73.7035140991211,135.60960388183594,0.00013000000035390258,0.49324101209640503
168,2024-06-20,0.38424399495124817,27.544408798217773,64828.65625,3511.0869140625,14.259183883666992,74.7087631225586,133.47296142578125,0.00013000000035390258,0.4887160062789917
169,2024-06-21,0.37605199217796326,27.450439453125,64096.19921875,3516.07568359375,13.862212181091309,74.11437225341797,134.5883026123047,0.00012799999967683107,0.4889560043811798
170,2024-06-22,0.38481199741363525,25.6173152923584,64252.578125,3494.8134765625,13.48008918762207,74.54924774169922,133.6702423095703,0.0001289999927394092,0.4866209924221039
171,2024-06-23,0.3803029954433441,25.05120277404785,63180.796875,3418.61181640625,13.177005767822266,73.380126953125,128.59042358398438,0.00012599999899975955,0.4794889986515045
172,2024-06-24,0.3777649998664856,24.831315994262695,60277.4140625,3350.25634765625,13.614714622497559,69.6898193359375,132.24139404296875,0.00012099999730708078,0.47414299845695496
173,2024-06-25,0.3918589949607849,25.399450302124023,61804.640625,3395.029052734375,14.195656776428223,71.36486053466797,136.5592041015625,0.00012399999832268804,0.4756850004196167
174,2024-06-26,0.38475000858306885,25.803598403930664,60811.27734375,3369.477294921875,13.904292106628418,70.9636001586914,136.60914611816406,0.00012199999764561653,0.46959999203681946
175,2024-06-27,0.3907009959220886,27.89529800415039,61604.80078125,3444.800537109375,14.387674331665039,73.12354278564453,149.44837951660156,0.0001230000052601099,0.47465500235557556
176,2024-06-28,0.38542601466178894,27.89578628540039,60320.13671875,3373.635986328125,13.75875473022461,72.76513671875,139.70339965820312,0.00012099999730708078,0.4708850085735321
177,2024-06-29,0.38396498560905457,27.725507736206055,60887.37890625,3372.9677734375,13.511537551879883,74.92382049560547,140.01014709472656,0.00012199999764561653,0.471994012594223
178,2024-06-30,0.392192006111145,29.360876083374023,62678.29296875,3432.88916015625,14.260198593139648,75.27999877929688,146.49249267578125,0.0001250000059371814,0.4754830002784729
179,2024-07-01,0.40290701389312744,28.816137313842773,62851.98046875,3440.341552734375,14.327778816223145,74.34024810791016,146.59506225585938,0.00012599999899975955,0.4766409993171692
180,2024-07-02,0.4177750051021576,28.642642974853516,62029.015625,3416.354736328125,14.404244422912598,75.86390686035156,153.7004852294922,0.00012399999832268804,0.48451998829841614
181,2024-07-03,0.4067380130290985,26.491296768188477,60173.921875,3292.916748046875,13.620819091796875,72.0750503540039,140.73141479492188,0.00011999999696854502,0.4667600095272064
182,2024-07-04,0.36285901069641113,24.446414947509766,56977.703125,3054.52197265625,12.553675651550293,65.3156967163086,127.55081939697266,0.0001140000022132881,0.43357399106025696
183,2024-07-05,0.3498849868774414,25.134418487548828,56662.375,2981.5986328125,12.305855751037598,61.88725662231445,134.3693389892578,0.00011300000187475234,0.42549198865890503
184,2024-07-06,0.37122100591659546,27.44342613220215,58303.5390625,3069.3779296875,13.201163291931152,65.43029022216797,143.24118041992188,0.00011700000322889537,0.44905298948287964
185,2024-07-07,0.34661799669265747,25.705129623413086,55849.109375,2929.38720703125,12.351334571838379,62.062255859375,131.7740936279297,0.00011200000153621659,0.4198229908943176
186,2024-07-08,0.3690069913864136,25.222187042236328,56705.09765625,3018.73193359375,13.114887237548828,64.86933135986328,139.4636993408203,0.00011300000187475234,0.4314799904823303
187,2024-07-09,0.375328004360199,26.421600341796875,58009.2265625,3064.032958984375,12.820453643798828,65.31686401367188,141.34844970703125,0.00011600000289035961,0.435916006565094
188,2024-07-10,0.38883501291275024,25.76766586303711,57742.49609375,3102.21875,12.796518325805664,66.93814849853516,141.97479248046875,0.00011500000255182385,0.4390380084514618
189,2024-07-11,0.39581701159477234,25.22551918029785,57344.9140625,3100.330810546875,12.350228309631348,67.43598175048828,135.8832244873047,0.00011500000255182385,0.4490410089492798
190,2024-07-12,0.4165239930152893,25.974353790283203,57899.46484375,3134.15869140625,12.738323211669922,69.27572631835938,139.52801513671875,0.00011600000289035961,0.4747300148010254
191,2024-07-13,0.441415011882782,25.873245239257812,59231.953125,3177.19873046875,13.021286964416504,69.85125732421875,141.9249725341797,0.00011800000356743112,0.526328980922699
192,2024-07-14,0.43234801292419434,26.36935806274414,60787.79296875,3244.0791015625,13.426870346069336,69.96685791015625,147.622314453125,0.00012199999764561653,0.52286297082901
193,2024-07-15,0.44558200240135193,27.85492706298828,64870.15234375,3489.552734375,14.422126770019531,72.45584869384766,159.93397521972656,0.00013000000035390258,0.5378779768943787
194,2024-07-16,0.43818899989128113,28.03032875061035,65097.1484375,3443.513427734375,14.221345901489258,73.20144653320312,160.5518798828125,0.00013000000035390258,0.5793759822845459
195,2024-07-17,0.4367479979991913,27.253253936767578,64118.79296875,3388.75244140625,13.754619598388672,71.42044830322266,155.5841064453125,0.00012799999967683107,0.6264860033988953
196,2024-07-18,0.42390599846839905,27.138296127319336,63974.06640625,3426.258544921875,13.600837707519531,71.6102294921875,159.07241821289062,0.00012799999967683107,0.5695739984512329
197,2024-07-19,0.43903398513793945,28.1879940032959,66710.15625,3505.73486328125,14.075929641723633,73.45670318603516,169.1858673095703,0.00013299999409355223,0.5737519860267639
198,2024-07-20,0.43763700127601624,29.130952835083008,67163.6484375,3519.29541015625,14.26817512512207,73.07349395751953,173.89178466796875,0.0001340000017080456,0.5946509838104248
199,2024-07-21,0.44607698917388916,32.60565948486328,68154.5234375,3536.60546875,14.806570053100586,73.988525390625,184.54161071777344,0.00013600000238511711,0.5974670052528381
200,2024-07-22,0.42654699087142944,31.858896255493164,67585.25,3440.419921875,13.929006576538086,71.30793762207031,178.97828674316406,0.00013499999477062374,0.6076369881629944
201,2024-07-23,0.41009700298309326,29.841068267822266,65927.671875,3481.995849609375,13.919931411743164,72.93016052246094,172.757568359375,0.0001320000010309741,0.5974569916725159
202,2024-07-24,0.4068470001220703,28.39635467529297,65372.1328125,3336.33935546875,13.395511627197266,71.24752044677734,178.0323028564453,0.00013099999341648072,0.6188430190086365
203,2024-07-25,0.3946709930896759,27.257287979125977,65777.2265625,3174.42724609375,12.946199417114258,68.8547592163086,171.96307373046875,0.0001320000010309741,0.5998160243034363
204,2024-07-26,0.41774699091911316,28.708839416503906,67912.0625,3275.951416015625,13.54045295715332,71.3331069946289,183.13671875,0.00013600000238511711,0.6040679812431335
205,2024-07-27,0.41819798946380615,28.0848331451416,67813.3359375,3247.60791015625,13.567426681518555,71.3629379272461,184.0854034423828,0.00013600000238511711,0.5967950224876404
206,2024-07-28,0.40738698840141296,27.40057373046875,68255.8671875,3271.464599609375,13.293225288391113,71.1284408569336,184.88607788085938,0.00013699999544769526,0.601947009563446
207,2024-07-29,0.404013991355896,27.083110809326172,66819.9140625,3320.539306640625,13.543046951293945,73.74948120117188,182.7805938720703,0.0001340000017080456,0.6020860075950623
208,2024-07-30,0.40167999267578125,26.339189529418945,66201.015625,3278.667724609375,13.140531539916992,71.6852035522461,179.10719299316406,0.0001320000010309741,0.6278769969940186
209,2024-07-31,0.38877299427986145,25.71908950805664,64619.25,3231.295654296875,12.82884693145752,70.19042205810547,171.82615661621094,0.0001289999927394092,0.6239389777183533
210,2024-08-01,0.3927060067653656,25.723108291625977,65357.5,3201.564453125,12.89976692199707,69.56616973876953,167.672119140625,0.00013099999341648072,0.5964639782905579
211,2024-08-02,0.36382201313972473,23.59450340270996,61415.06640625,2986.01318359375,11.917962074279785,64.99111938476562,152.6382293701172,0.0001230000052601099,0.5607709884643555
212,2024-08-03,0.364095002412796,22.68356704711914,60680.09375,2903.3857421875,11.70133113861084,64.6042251586914,142.9219970703125,0.00012099999730708078,0.5563910007476807
213,2024-08-04,0.3439379930496216,21.22766876220703,58116.9765625,2686.39892578125,10.871526718139648,62.396121978759766,138.05508422851562,0.00011600000289035961,0.5233960151672363
214,2024-08-05,0.31315499544143677,19.549341201782227,53991.45703125,2417.206298828125,9.501569747924805,56.21337890625,129.8643035888672,0.00010800000018207356,0.48946601152420044
215,2024-08-06,0.3307819962501526,20.877193450927734,56034.31640625,2458.723876953125,10.0545654296875,58.263362884521484,144.09036254882812,0.00011200000153621659,0.5056970119476318
216,2024-08-07,0.3236980140209198,19.829347610473633,55027.4609375,2336.58935546875,9.485442161560059,55.983909606933594,144.63209533691406,0.00011000000085914508,0.6008099913597107
217,2024-08-08,0.35181400179862976,22.737106323242188,61710.13671875,2683.352783203125,10.736471176147461,61.22355270385742,162.9307403564453,0.00012399999832268804,0.6175770163536072
218,2024-08-09,0.3485470116138458,21.774154663085938,60880.11328125,2599.5986328125,10.548673629760742,60.74286651611328,156.45721435546875,0.00012199999764561653,0.5811529755592346
219,2024-08-10,0.3462890088558197,21.588260650634766,60945.8125,2610.02294921875,10.554250717163086,61.17485427856445,153.95916748046875,0.00012199999764561653,0.585578978061676
220,2024-08-11,0.32832199335098267,20.428546905517578,58719.484375,2553.252197265625,10.008923530578613,59.70698165893555,141.52685546875,0.00011800000356743112,0.5529320240020752
221,2024-08-12,0.33897700905799866,21.289514541625977,59354.515625,2724.431884765625,10.557686805725098,61.4669075012207,146.45423889160156,0.00011899999663000926,0.5687680244445801
222,2024-08-13,0.3401539921760559,21.40406036376953,60609.56640625,2703.671875,10.576763153076172,63.41337966918945,146.7126922607422,0.00012099999730708078,0.576399028301239
223,2024-08-14,0.3354550004005432,20.972698211669922,58737.26953125,2662.914794921875,10.401407241821289,64.01732635498047,143.9234619140625,0.00011800000356743112,0.5691919922828674
224,2024-08-15,0.3253529965877533,20.141338348388672,57560.09765625,2570.087646484375,10.173847198486328,65.27692413330078,142.74581909179688,0.00011500000255182385,0.5609549880027771
225,2024-08-16,0.3304719924926758,20.394376754760742,58894.10546875,2593.1865234375,10.143065452575684,66.56855773925781,139.33056640625,0.00011800000356743112,0.564516007900238
226,2024-08-17,0.3368859887123108,20.670944213867188,59478.97265625,2614.546875,10.150433540344238,67.58361053466797,141.7985076904297,0.00011899999663000926,0.5663189888000488
227,2024-08-18,0.33483099937438965,20.819700241088867,58483.96484375,2613.357177734375,10.095947265625,66.38336181640625,142.58688354492188,0.00011700000322889537,0.5638750195503235
228,2024-08-19,0.3367530107498169,21.2274112701416,59493.453125,2637.306396484375,10.183764457702637,66.36810302734375,144.34368896484375,0.00011899999663000926,0.5986059904098511
229,2024-08-20,0.34368500113487244,22.425113677978516,59012.79296875,2573.10693359375,10.245038986206055,64.48001098632812,143.16773986816406,0.00011800000356743112,0.5944280028343201
230,2024-08-21,0.3690589964389801,23.527414321899414,61175.19140625,2631.3955078125,11.214466094970703,64.28144836425781,142.70960998535156,0.00012199999764561653,0.6002749800682068
231,2024-08-22,0.3765360116958618,25.26703453063965,60381.9140625,2622.951416015625,11.467951774597168,63.83037567138672,143.2579345703125,0.00012099999730708078,0.5976009964942932
232,2024-08-23,0.39153599739074707,26.519519805908203,64094.35546875,2764.447021484375,12.062475204467773,66.20084381103516,153.10708618164062,0.0001289999927394092,0.6112390160560608
233,2024-08-24,0.39400699734687805,27.165842056274414,64178.9921875,2769.3896484375,12.347853660583496,66.57865905761719,160.73175048828125,0.0001289999927394092,0.6131100058555603
234,2024-08-25,0.3849790096282959,26.964920043945312,64333.54296875,2749.15771484375,12.108485221862793,64.84695434570312,158.90911865234375,0.0001289999927394092,0.6001840233802795
235,2024-08-26,0.36695700883865356,25.95624542236328,62880.66015625,2681.340576171875,11.854799270629883,63.17496109008789,157.23687744140625,0.00012599999899975955,0.5874699950218201
236,2024-08-27,0.35051101446151733,24.101638793945312,59504.1328125,2458.7265625,11.170317649841309,60.463035583496094,146.8970947265625,0.00011999999696854502,0.5675539970397949
237,2024-08-28,0.35019201040267944,23.46433448791504,59027.625,2528.41552734375,11.181870460510254,61.802040100097656,143.89138793945312,0.00011899999663000926,0.5698500275611877
238,2024-08-29,0.35704100131988525,22.90632438659668,59388.1796875,2528.792724609375,10.937602996826172,62.483680725097656,140.0540313720703,0.00011899999663000926,0.5620549917221069
239,2024-08-30,0.34715399146080017,23.286901473999023,59119.4765625,2525.822021484375,11.119160652160645,64.97552490234375,138.09999084472656,0.00011899999663000926,0.5670310258865356
240,2024-08-31,0.3453519940376282,22.797574996948242,58969.8984375,2513.393798828125,11.024574279785156,65.05883026123047,135.37425231933594,0.00011800000356743112,0.5663130283355713
241,2024-09-01,0.33173999190330505,21.44817352294922,57325.48828125,2427.90234375,10.372398376464844,63.52634048461914,128.6905517578125,0.00011500000255182385,0.5479900240898132
242,2024-09-02,0.3359679877758026,22.36886215209961,59112.48046875,2538.187255859375,10.761754989624023,65.30899810791016,135.0023651123047,0.00011899999663000926,0.5675870180130005
243,2024-09-03,0.3185510039329529,21.383655548095703,57431.0234375,2420.603759765625,10.314515113830566,64.42266845703125,127.57758331298828,0.00011600000289035961,0.5573909878730774
244,2024-09-04,0.32352399826049805,21.89966583251953,57971.5390625,2448.97705078125,10.335187911987305,65.4273452758789,133.60391235351562,0.00011700000322889537,0.5581759810447693
245,2024-09-05,0.32506200671195984,21.366561889648438,56160.48828125,2367.737548828125,10.016019821166992,66.08258056640625,129.32894897460938,0.00011300000187475234,0.5441960096359253
246,2024-09-06,0.31471800804138184,21.147371292114258,53948.75390625,2223.87646484375,9.575072288513184,63.00200653076172,124.99007415771484,0.00010800000018207356,0.5213469862937927
247,2024-09-07,0.3250730037689209,21.797344207763672,54139.6875,2274.107177734375,10.018677711486816,62.0865592956543,127.72156524658203,0.00010900000052060932,0.5250920057296753
248,2024-09-08,0.33865898847579956,23.215967178344727,54841.56640625,2297.29296875,10.335866928100586,60.89545440673828,129.98951721191406,0.00011000000085914508,0.5292909741401672
249,2024-09-09,0.34340599179267883,23.859668731689453,57019.53515625,2358.482177734375,10.545119285583496,61.419647216796875,135.02561950683594,0.00011500000255182385,0.5396379828453064
250,2024-09-10,0.3434770107269287,24.359909057617188,57648.7109375,2389.5810546875,10.597155570983887,61.54644775390625,135.63522338867188,0.00011600000289035961,0.5410779714584351
251,2024-09-11,0.3530539870262146,23.29693603515625,57343.171875,2339.841552734375,10.406829833984375,62.18716812133789,132.4973907470703,0.00011500000255182385,0.5353119969367981
252,2024-09-12,0.3562929928302765,24.028888702392578,58127.01171875,2361.78173828125,10.786038398742676,62.84511947631836,136.14190673828125,0.00011700000322889537,0.5625759959220886
253,2024-09-13,0.36090001463890076,24.952272415161133,60571.30078125,2441.607177734375,11.458701133728027,64.97948455810547,139.1005401611328,0.00012199999764561653,0.5731490254402161
254,2024-09-14,0.35447999835014343,25.330501556396484,60005.12109375,2418.595703125,11.297834396362305,65.97522735595703,137.17977905273438,0.00012099999730708078,0.5961989760398865
255,2024-09-15,0.3385230004787445,23.837696075439453,59182.8359375,2320.897216796875,10.823186874389648,63.336692810058594,131.4993896484375,0.00011899999663000926,0.5709750056266785
256,2024-09-16,0.3303059935569763,23.51923179626465,58192.5078125,2295.28369140625,10.554821014404297,62.58589172363281,131.47259521484375,0.00011700000322889537,0.585407018661499
257,2024-09-17,0.33391299843788147,23.75840187072754,60308.5390625,2341.707763671875,10.627530097961426,63.743194580078125,131.53707885742188,0.00012099999730708078,0.5845019817352295
258,2024-09-18,0.3429360091686249,24.63865089416504,61649.6796875,2369.72900390625,10.853248596191406,64.7613296508789,133.99185180664062,0.00012399999832268804,0.585250973701477
259,2024-09-19,0.35094499588012695,26.65570831298828,62940.45703125,2464.752197265625,11.205124855041504,65.44454193115234,142.83627319335938,0.00012700000661425292,0.5873709917068481
260,2024-09-20,0.3521139919757843,27.599931716918945,63192.9765625,2561.072021484375,11.426664352416992,65.278564453125,146.56680297851562,0.00012700000661425292,0.5851709842681885
261,2024-09-21,0.3585759997367859,27.84765625,63394.83984375,2615.857177734375,11.51356315612793,66.94282531738281,149.52703857421875,0.00012700000661425292,0.5981410145759583
262,2024-09-22,0.3517720103263855,27.337196350097656,63648.7109375,2582.862548828125,11.132943153381348,68.59842681884766,144.80364990234375,0.00012799999967683107,0.5876209735870361
263,2024-09-23,0.3637309968471527,27.407100677490234,63329.80078125,2648.54638671875,11.398932456970215,67.02490234375,144.8149871826172,0.00012700000661425292,0.5850650072097778
264,2024-09-24,0.38773301243782043,28.481760025024414,64301.96875,2654.35498046875,12.162094116210938,66.72038269042969,152.89215087890625,0.0001289999927394092,0.591543972492218
265,2024-09-25,0.38108301162719727,27.290143966674805,63143.14453125,2579.388671875,12.111525535583496,66.58809661865234,148.02342224121094,0.00012700000661425292,0.5835409760475159
266,2024-09-26,0.40188199281692505,29.154499053955078,65181.01953125,2632.199951171875,12.551836967468262,68.518310546875,155.5760955810547,0.00013099999341648072,0.5904210209846497
267,2024-09-27,0.4023280143737793,30.449289321899414,65790.6640625,2695.900634765625,12.680974960327148,71.18820190429688,157.74993896484375,0.0001320000010309741,0.5889269709587097
268,2024-09-28,0.40105199813842773,29.330692291259766,65887.6484375,2677.5390625,12.943387985229492,70.00396728515625,156.9124298095703,0.0001320000010309741,0.6148009896278381
269,2024-09-29,0.39759698510169983,29.069881439208984,65635.3046875,2659.346923828125,12.48232364654541,69.31442260742188,158.62916564941406,0.0001320000010309741,0.6419469714164734
270,2024-09-30,0.3732140064239502,27.738948822021484,63329.5,2603.062744140625,11.85057258605957,66.82044982910156,152.61846923828125,0.00012700000661425292,0.6114919781684875
271,2024-10-01,0.3524410128593445,25.86651611328125,60837.0078125,2448.921142578125,11.025396347045898,63.4249382019043,145.28988647460938,0.00012199999764561653,0.5975300073623657
272,2024-10-02,0.3440049886703491,25.381216049194336,60632.78515625,2365.231689453125,10.662163734436035,62.95425796508789,140.38555908203125,0.00012199999764561653,0.5398309826850891
273,2024-10-03,0.34523698687553406,24.65347671508789,60759.40234375,2349.791259765625,10.650412559509277,63.45410919189453,136.78518676757812,0.00012199999764561653,0.5219529867172241
274,2024-10-04,0.3513979911804199,26.24127960205078,62067.4765625,2414.7939453125,11.068582534790039,64.94314575195312,143.17227172851562,0.0001250000059371814,0.5343409776687622
275,2024-10-05,0.35071998834609985,25.690710067749023,62089.94921875,2415.6318359375,11.261728286743164,66.27214813232422,142.7117462158203,0.0001250000059371814,0.5294960141181946
276,2024-10-06,0.357230007648468,26.928571701049805,62818.953125,2439.957763671875,11.276307106018066,67.06830596923828,146.44236755371094,0.00012599999899975955,0.5335919857025146
277,2024-10-07,0.3514670133590698,26.556774139404297,62236.66015625,2421.796630859375,11.160425186157227,64.7729721069336,143.99179077148438,0.0001250000059371814,0.5299339890480042
278,2024-10-08,0.3445169925689697,26.33306884765625,62131.96875,2439.8408203125,10.825778007507324,65.64762878417969,143.39442443847656,0.0001250000059371814,0.5308679938316345
279,2024-10-09,0.3397020101547241,25.766281127929688,60582.1015625,2368.283447265625,10.529767990112305,64.54893493652344,139.31553649902344,0.00012199999764561653,0.5243319869041443
280,2024-10-10,0.3388899862766266,25.854782104492188,60274.5,2383.85791015625,10.538860321044922,64.24361419677734,138.88841247558594,0.00012099999730708078,0.529977023601532
281,2024-10-11,0.35118499398231506,27.41640853881836,62445.08984375,2436.513427734375,10.898591995239258,65.5048828125,145.3811492919922,0.00012599999899975955,0.5382969975471497
282,2024-10-12,0.3532150089740753,28.627531051635742,63193.0234375,2476.523193359375,11.0164155960083,66.21168518066406,146.5002899169922,0.00012700000661425292,0.5395600199699402
283,2024-10-13,0.34803399443626404,29.171485900878906,62851.375,2467.677001953125,10.731656074523926,64.75692749023438,147.5724334716797,0.00012599999899975955,0.5315399765968323
284,2024-10-14,0.36388900876045227,29.062816619873047,66046.125,2628.89990234375,11.26422119140625,66.8058853149414,157.44512939453125,0.00013299999409355223,0.5480210185050964
285,2024-10-15,0.3585270047187805,28.191293716430664,67041.109375,2606.02197265625,11.436711311340332,70.87361145019531,154.7206268310547,0.00013499999477062374,0.5414519906044006
286,2024-10-16,0.352524995803833,28.043020248413086,67612.71875,2611.10205078125,11.238662719726562,70.07020568847656,154.23422241210938,0.00013600000238511711,0.5480449795722961
287,2024-10-17,0.34303200244903564,27.261091232299805,67399.8359375,2604.2734375,11.021685600280762,72.74100494384766,150.31602478027344,0.00013499999477062374,0.5436580181121826
288,2024-10-18,0.3507100045681,28.100568771362305,68418.7890625,2641.55224609375,11.477060317993164,73.12972259521484,154.97593688964844,0.00013800000306218863,0.5465409755706787
289,2024-10-19,0.35166099667549133,28.108549118041992,68362.734375,2648.656982421875,11.42170238494873,74.8765640258789,159.6393585205078,0.00013699999544769526,0.5442569851875305
290,2024-10-20,0.3648410141468048,28.93516731262207,69001.703125,2746.364013671875,11.962789535522461,74.31231689453125,166.9398193359375,0.00013899999612476677,0.547652006149292
291,2024-10-21,0.36095601320266724,27.74962615966797,67367.8515625,2665.712158203125,11.709382057189941,70.72498321533203,166.2168731689453,0.00013499999477062374,0.5448629856109619
292,2024-10-22,0.36381998658180237,27.603822708129883,67361.40625,2620.197509765625,11.966221809387207,69.92845916748047,167.26014709472656,0.00013499999477062374,0.5333790183067322
293,2024-10-23,0.34861400723457336,26.662872314453125,66432.1953125,2509.098876953125,11.24693775177002,70.15641784667969,170.9324951171875,0.0001340000017080456,0.525210976600647
294,2024-10-24,0.34630998969078064,26.833412170410156,68161.0546875,2534.49853515625,11.59044075012207,71.08497619628906,177.1569366455078,0.00013699999544769526,0.5317609906196594
295,2024-10-25,0.3244119882583618,24.892988204956055,66642.4140625,2435.93408203125,11.09341812133789,68.6461181640625,164.75689697265625,0.0001340000017080456,0.5019189715385437
296,2024-10-26,0.3333500027656555,25.386613845825195,67014.6953125,2479.603271484375,11.00280475616455,68.39888000488281,170.70596313476562,0.00013499999477062374,0.5127609968185425
297,2024-10-27,0.33987200260162354,25.732751846313477,67929.296875,2505.940673828125,10.980671882629395,71.07989501953125,176.5491943359375,0.00013699999544769526,0.516381025314331
298,2024-10-28,0.3437960147857666,26.255901336669922,69907.7578125,2565.34814453125,11.178171157836914,70.71797180175781,178.1049041748047,0.00014000000373926014,0.5192270278930664
299,2024-10-29,0.35565099120140076,26.848377227783203,72720.4921875,2637.95751953125,11.788102149963379,73.9776611328125,179.36074829101562,0.00014600000577047467,0.5279160141944885
300,2024-10-30,0.35526400804519653,26.1982421875,72339.5390625,2657.37255859375,12.394707679748535,71.84062194824219,174.9249725341797,0.0001449999981559813,0.5229740142822266
301,2024-10-31,0.34184500575065613,25.01712417602539,70215.1875,2515.79931640625,11.422245979309082,69.20464324951172,168.42999267578125,0.00014099999680183828,0.5092369914054871
302,2024-11-01,0.3570899963378906,24.79058074951172,69482.46875,2511.885498046875,11.265908241271973,70.20695495605469,166.2621307373047,0.00014000000373926014,0.5128679871559143
303,2024-11-02,0.3477709889411926,24.088130950927734,69289.2734375,2491.068603515625,11.174641609191895,69.12836456298828,166.01034545898438,0.00014000000373926014,0.509850025177002
304,2024-11-03,0.3342849910259247,23.538249969482422,68741.1171875,2456.42529296875,10.764084815979004,66.91110229492188,162.55130004882812,0.00013800000306218863,0.5029309988021851
305,2024-11-04,0.3260189890861511,22.70597267150879,67811.5078125,2397.0263671875,10.2481689453125,65.49251556396484,157.74710083007812,0.00013600000238511711,0.5032259821891785
306,2024-11-05,0.33392399549484253,23.99547576904297,69359.5625,2422.650634765625,10.842791557312012,65.44047546386719,166.72239685058594,0.00014000000373926014,0.5140290260314941
307,2024-11-06,0.36332300305366516,27.033344268798828,75639.078125,2724.169189453125,12.168525695800781,71.02344512939453,186.9547882080078,0.00015199999324977398,0.5424270033836365
308,2024-11-07,0.40501299500465393,27.383121490478516,75904.859375,2895.58544921875,12.606694221496582,71.49371337890625,196.3345947265625,0.00015300000086426735,0.5547320246696472
309,2024-11-08,0.4438149929046631,28.776140213012695,76545.4765625,2962.296630859375,13.718581199645996,72.8046875,199.9390106201172,0.0001539999939268455,0.554078996181488
310,2024-11-09,0.4936800003051758,30.41794776916504,76778.8671875,3131.14453125,13.762722969055176,74.06351470947266,200.19491577148438,0.0001539999939268455,0.559486985206604
311,2024-11-10,0.5903090238571167,31.9826717376709,80474.1875,3191.331298828125,14.289252281188965,76.52312469482422,210.6137237548828,0.00016199999663513154,0.589381992816925
312,2024-11-11,0.6138079762458801,35.75919723510742,88701.484375,3374.81298828125,14.895793914794922,80.11939239501953,222.6416778564453,0.00017800000205170363,0.6204670071601868
313,2024-11-12,0.5739179849624634,34.04673385620117,87955.8125,3246.25732421875,14.004612922668457,76.93087005615234,212.2318115234375,0.00017699999443721026,0.7076990008354187
314,2024-11-13,0.5787749886512756,33.13338851928711,90584.1640625,3192.595947265625,13.475764274597168,75.44751739501953,215.18455505371094,0.00018200000340584666,0.6902880072593689
315,2024-11-14,0.5801159739494324,31.160669326782227,87250.4296875,3058.94873046875,12.971002578735352,82.06620025634766,209.2190704345703,0.00017499999376013875,0.7730069756507874
316,2024-11-15,0.6740599870681763,33.146217346191406,91066.0078125,3103.04052734375,13.84998893737793,83.69956970214844,218.09490966796875,0.0001829999964684248,0.8920909762382507
317,2024-11-16,0.7387340068817139,35.11469268798828,90558.4765625,3133.27392578125,14.526206016540527,95.32144927978516,215.8488311767578,0.00018200000340584666,1.119089961051941
318,2024-11-17,0.7023249864578247,34.73808670043945,89845.8515625,3075.66162109375,13.778284072875977,87.05650329589844,237.57553100585938,0.00018099999579135329,1.0543349981307983
319,2024-11-18,0.7345799803733826,35.448455810546875,90542.640625,3207.8564453125,15.22088623046875,89.17768859863281,239.79425048828125,0.00018200000340584666,1.1179360151290894
320,2024-11-19,0.7396420240402222,34.27410888671875,92343.7890625,3111.384033203125,14.646309852600098,86.82052612304688,238.09754943847656,0.00018600000475998968,1.1019469499588013
321,2024-11-20,0.8003450036048889,33.58571243286133,94339.4921875,3072.18798828125,14.247101783752441,83.3709487915039,235.4236602783203,0.00018899999849963933,1.102301001548767
322,2024-11-21,0.8204740285873413,35.82438659667969,98504.7265625,3361.053955078125,14.908040046691895,89.53834533691406,257.0658874511719,0.00019799999427050352,1.2503520250320435
323,2024-11-22,1.010422945022583,43.08974075317383,98997.6640625,3331.600830078125,16.531856536865234,92.07102966308594,256.5186767578125,0.0001990000018849969,1.4690190553665161
324,2024-11-23,1.066236972808838,41.489986419677734,97777.28125,3396.223388671875,17.38550567626953,99.39119720458984,255.1785125732422,0.00019700000120792538,1.469007968902588
325,2024-11-24,1.0231059789657593,42.04306411743164,98013.8203125,3363.659912109375,17.94485855102539,96.94950866699219,252.91952514648438,0.00019700000120792538,1.4324109554290771
326,2024-11-25,0.9456890225410461,41.39607620239258,93102.296875,3413.5439453125,17.387096405029297,92.36376190185547,234.4466094970703,0.00018699999782256782,1.415423035621643
327,2024-11-26,0.9612320065498352,42.77906036376953,91985.3203125,3326.517333984375,17.338844299316406,93.04487609863281,230.9781951904297,0.0001849999971454963,1.4013229608535767
328,2024-11-27,1.0133459568023682,43.91240692138672,95962.53125,3657.249267578125,18.696128845214844,97.27632141113281,242.30221557617188,0.00019299999985378236,1.4728120565414429
329,2024-11-28,1.0335079431533813,42.84018325805664,95652.46875,3579.8115234375,17.960947036743164,95.66030883789062,237.76400756835938,0.00019200000679120421,1.5413429737091064
330,2024-11-29,1.0768580436706543,44.924110412597656,97461.5234375,3593.494384765625,18.2906436920166,104.0356674194336,243.54949951171875,0.000195999993593432,1.7967309951782227
331,2024-11-30,1.0789419412612915,44.89286804199219,96449.0546875,3705.705322265625,19.022661209106445,102.66780853271484,237.74374389648438,0.0001939999929163605,1.94412100315094
332,2024-12-01,1.1552519798278809,45.09182357788086,97279.7890625,3711.1650390625,18.889429092407227,119.86519622802734,237.06993103027344,0.000195999993593432,2.320223093032837
333,2024-12-02,1.2017760276794434,52.31305694580078,95865.3046875,3644.198486328125,25.091211318969727,133.26751708984375,225.75619506835938,0.00019200000679120421,2.7138049602508545
334,2024-12-03,1.198125958442688,50.999488830566406,96002.1640625,3620.711669921875,24.2171630859375,131.7918701171875,234.2003173828125,0.00019299999985378236,2.525527000427246
335,2024-12-04,1.1873199939727783,52.81734085083008,98768.53125,3841.3310546875,24.105140686035156,134.2473907470703,229.11929321289062,0.0001990000018849969,2.3544440269470215
336,2024-12-05,1.1847120523452759,50.81978225708008,96593.5703125,3811.00830078125,23.40096664428711,135.2897186279297,233.9987030029297,0.0001939999929163605,2.295206069946289
337,2024-12-06,1.2311069965362549,52.589290618896484,99920.7109375,4005.810546875,25.811050415039062,136.23870849609375,237.0510711669922,0.0002010000025620684,2.424736976623535
338,2024-12-07,1.214195966720581,51.6760368347168,99923.3359375,4002.692626953125,24.800466537475586,133.84982299804688,238.54795837402344,0.0002010000025620684,2.616624116897583
339,2024-12-08,1.1962909698486328,53.933502197265625,101236.015625,4005.70458984375,26.144575119018555,135.17453002929688,236.67233276367188,0.00020199999562464654,2.6083478927612305
340,2024-12-09,1.0075490474700928,45.23026657104492,97432.71875,3718.6904296875,22.34653663635254,110.84188079833984,217.34146118164062,0.000195999993593432,2.218951940536499
341,2024-12-10,1.0201610326766968,44.63996505737305,96675.4296875,3631.833740234375,22.216991424560547,109.8656997680664,213.82461547851562,0.0001939999929163605,2.3691599369049072
342,2024-12-11,1.0888899564743042,48.37092590332031,101173.03125,3832.822021484375,24.093059539794922,117.5313949584961,227.44683837890625,0.00020300000323913991,2.4000699520111084
343,2024-12-12,1.1250159740447998,53.11970138549805,100043.0,3883.1015625,29.28685188293457,119.2668685913086,227.02671813964844,0.0002010000025620684,2.3427700996398926
344,2024-12-13,1.1196019649505615,52.70176315307617,101459.2578125,3911.205322265625,29.024141311645508,124.18070983886719,224.83729553222656,0.00020399999630171806,2.421319007873535
345,2024-12-14,1.0605119466781616,49.83277130126953,101372.96875,3868.4052734375,29.112491607666016,118.18441772460938,219.84075927734375,0.00020399999630171806,2.398705005645752
346,2024-12-15,1.1017080545425415,50.754615783691406,104298.6953125,3951.941162109375,29.2235107421875,121.13903045654297,223.6576690673828,0.0002099999983329326,2.4469499588012695
347,2024-12-16,1.0788559913635254,48.99325942993164,106029.71875,3987.48095703125,28.744182586669922,118.15115356445312,216.3349609375,0.00021300000662449747,2.4886579513549805
348,2024-12-17,1.0515249967575073,47.83877182006836,106140.6015625,3886.76611328125,27.823747634887695,124.76040649414062,222.8167266845703,0.00021300000662449747,2.565190076828003
349,2024-12-18,0.9684200286865234,42.80390930175781,100041.5390625,3618.791259765625,24.89114761352539,108.54095458984375,206.38174438476562,0.0002010000025620684,2.3033180236816406
350,2024-12-19,0.8855019807815552,38.91089630126953,97490.953125,3417.927978515625,22.892488479614258,99.68569946289062,194.28451538085938,0.000195999993593432,2.2488911151885986
351,2024-12-20,0.9510110020637512,39.81724548339844,97755.9296875,3472.553466796875,23.364501953125,101.36201477050781,194.2081756591797,0.00019700000120792538,2.276885986328125
352,2024-12-21,0.9046940207481384,37.401676177978516,97224.7265625,3337.222412109375,22.126737594604492,101.46427154541016,181.30145263671875,0.000195999993593432,2.238111972808838
353,2024-12-22,0.8829759955406189,36.51603317260742,95104.9375,3277.53515625,22.04706573486328,99.56405639648438,180.16891479492188,0.00019099999917671084,2.1993319988250732
354,2024-12-23,0.9242460131645203,39.02850341796875,94686.2421875,3415.785400390625,24.479013442993164,106.53765869140625,189.75369262695312,0.0001900000061141327,2.2572619915008545
355,2024-12-24,0.936460018157959,41.21257781982422,98676.09375,3492.0498046875,25.439577102661133,108.32437896728516,196.98902893066406,0.00019799999427050352,2.3246240615844727
356,2024-12-25,0.916858971118927,40.24849319458008,99299.1953125,3493.2353515625,24.431169509887695,109.57795715332031,197.4790802001953,0.00019999999494757503,2.2959699630737305
357,2024-12-26,0.8597850203514099,37.28079605102539,95795.515625,3331.225830078125,22.65229034423828,102.14167785644531,188.21810913085938,0.00019200000679120421,2.154339075088501
358,2024-12-27,0.8747680187225342,36.48052215576172,94164.859375,3328.9169921875,21.529094696044922,100.31396484375,183.82847595214844,0.00018899999849963933,2.1416499614715576
359,2024-12-28,0.8878170251846313,37.66184616088867,95163.9296875,3397.90234375,21.966081619262695,100.58467864990234,195.01353454589844,0.00019099999917671084,2.180824041366577
360,2024-12-29,0.8586400151252747,35.826663970947266,93530.2265625,3349.513427734375,20.938785552978516,98.27505493164062,189.7442626953125,0.0001880000054370612,2.093179941177368
361,2024-12-30,0.8600170016288757,35.90605545043945,92643.2109375,3356.392578125,20.583473205566406,99.30921936035156,191.02804565429688,0.00018600000475998968,2.0575709342956543
362,2024-12-31,0.8437650203704834,35.6909294128418,93429.203125,3332.53173828125,20.001365661621094,103.06851196289062,189.2644805908203,0.0001880000054370612,2.0801279544830322
363,2025-01-01,0.9175919890403748,37.69343948364258,94419.7578125,3353.504150390625,21.67484474182129,104.81208801269531,193.8737335205078,0.0001900000061141327,2.322340965270996
364,2025-01-02,0.9613450169563293,39.22916030883789,96886.875,3451.392578125,22.040437698364258,105.0898208618164,207.7670440673828,0.00019500000053085387,2.403369903564453
365,2025-01-03,1.0903760194778442,41.88275146484375,98107.4296875,3605.009765625,23.39835548400879,112.68724822998047,217.74732971191406,0.00019700000120792538,2.4528961181640625
366,2025-01-04,1.0714000463485718,42.681068420410156,98236.2265625,3657.706787109375,23.613359451293945,111.16759490966797,216.6229248046875,0.00019799999427050352,2.4195950031280518
367,2025-01-05,1.0934669971466064,43.0792350769043,98314.9609375,3634.103759765625,23.63523292541504,115.46582794189453,213.3936309814453,0.00019799999427050352,2.3997271060943604
368,2025-01-06,1.0941239595413208,44.097415924072266,102078.0859375,3688.611328125,23.81981086730957,114.01073455810547,218.72312927246094,0.00020500000391621143,2.418807029724121
369,2025-01-07,0.9920099973678589,39.26634216308594,96922.703125,3381.577392578125,21.39488410949707,102.8379898071289,202.23025512695312,0.00019500000053085387,2.2723500728607178
370,2025-01-08,0.9480310082435608,37.422332763671875,95043.5234375,3326.329345703125,20.45516014099121,101.49867248535156,197.55905151367188,0.00019099999917671084,2.375304937362671
371,2025-01-09,0.9059900045394897,36.18815612792969,92484.0390625,3219.4306640625,19.645790100097656,102.26554870605469,185.02528381347656,0.00018600000475998968,2.275212049484253
372,2025-01-10,0.9314529895782471,36.68634796142578,94701.453125,3267.489990234375,20.266521453857422,104.01673126220703,187.5791778564453,0.0001900000061141327,2.343251943588257
373,2025-01-11,0.9945240020751953,37.095218658447266,94566.59375,3282.2177734375,20.192392349243164,104.37470245361328,187.99551391601562,0.0001900000061141327,2.576770067214966
374,2025-01-12,0.9685549736022949,36.55796432495117,94488.4375,3265.951171875,19.837339401245117,102.35240936279297,188.5603790283203,0.0001900000061141327,2.5063140392303467
375,2025-01-13,0.9447420239448547,35.28932571411133,94516.5234375,3135.499755859375,19.361106872558594,98.4621810913086,182.83535766601562,0.0001900000061141327,2.522934913635254
376,2025-01-14,0.9949089884757996,36.50234603881836,96534.046875,3223.6845703125,20.310087203979492,102.41368865966797,187.49859619140625,0.0001939999929163605,2.669132947921753
377,2025-01-15,1.0791540145874023,39.852821350097656,100504.4921875,3450.53759765625,22.114240646362305,117.21080017089844,205.91134643554688,0.00020199999562464654,3.155057907104492
378,2025-01-16,1.0900989770889282,40.04843521118164,99756.90625,3308.34521484375,23.005603790283203,124.29759216308594,211.22784423828125,0.0002010000025620684,3.245539903640747
379,2025-01-17,1.1351219415664673,41.39154052734375,104462.0390625,3474.107177734375,25.112716674804688,136.990234375,219.62161254882812,0.00020900000527035445,3.2986350059509277
380,2025-01-18,1.10207200050354,39.24570846557617,104408.0703125,3305.78955078125,24.112377166748047,125.40595245361328,261.8697509765625,0.0002099999983329326,3.2740190029144287
381,2025-01-19,0.991191029548645,35.575374603271484,101089.609375,3208.96435546875,24.2492733001709,115.33399963378906,250.58636474609375,0.00020300000323913991,2.954716920852661
382,2025-01-20,1.0086439847946167,35.95790481567383,102016.6640625,3278.035400390625,25.068965911865234,118.42407989501953,242.25022888183594,0.00020500000391621143,3.09983491897583
383,2025-01-21,1.004654049873352,36.922481536865234,106146.265625,3327.40625,26.594463348388672,118.90388488769531,250.41378784179688,0.00021300000662449747,3.1693999767303467
384,2025-01-22,0.9816439747810364,36.75145721435547,103653.0703125,3240.224609375,25.2911434173584,115.24545288085938,257.23736572265625,0.00020799999765586108,3.171104907989502
385,2025-01-23,0.9874939918518066,35.59188461303711,103960.171875,3334.714111328125,25.655147552490234,116.507568359375,253.4552001953125,0.00020900000527035445,3.1198909282684326
386,2025-01-24,0.9714940190315247,35.338050842285156,104819.484375,3309.554931640625,25.189668655395508,118.69554138183594,253.36122131347656,0.00021100000594742596,3.103482961654663
387,2025-01-25,0.9772719740867615,36.62107849121094,104714.6484375,3317.26953125,24.92470932006836,123.98307037353516,256.0735778808594,0.0002099999983329326,3.109705924987793
388,2025-01-26,0.9548559784889221,35.85732650756836,102682.5,3236.13427734375,24.911712646484375,117.20661163330078,240.88345336914062,0.00020599999697878957,3.0262279510498047
389,2025-01-27,0.9329429864883423,34.199623107910156,102087.6875,3178.92041015625,24.14933967590332,114.8987045288086,235.07444763183594,0.00020500000391621143,3.053184986114502
390,2025-01-28,0.9161149859428406,32.12329864501953,101332.4765625,3077.112548828125,22.615997314453125,110.22003173828125,227.20396423339844,0.00020300000323913991,3.06112003326416
391,2025-01-29,0.9411270022392273,32.775238037109375,103703.2109375,3112.9990234375,23.62223243713379,115.69033813476562,227.94493103027344,0.00020900000527035445,3.068294048309326
392,2025-01-30,0.9610139727592468,34.310176849365234,104735.3046875,3247.780029296875,24.47380828857422,129.91165161132812,239.0231475830078,0.00021100000594742596,3.1310689449310303
393,2025-01-31,0.9422289729118347,34.39764404296875,102405.0234375,3298.26513671875,25.148338317871094,128.01290893554688,231.63790893554688,0.00020599999697878957,3.0354199409484863
394,2025-02-01,0.8979439735412598,32.1812629699707,100655.90625,3118.32861328125,23.048158645629883,118.91510772705078,213.78501892089844,0.00020199999562464654,2.8844690322875977
395,2025-02-02,0.8017399907112122,27.576316833496094,97688.9765625,2868.69287109375,20.42749786376953,109.48184204101562,203.11962890625,0.000195999993593432,2.5797948837280273
396,2025-02-03,0.8115590214729309,28.41798210144043,101405.421875,2884.566650390625,21.643274307250977,106.95282745361328,216.1495819091797,0.00020399999630171806,2.7011559009552
397,2025-02-04,0.7463430166244507,26.524229049682617,97871.8203125,2735.05126953125,20.0632381439209,101.45013427734375,207.09197998046875,0.00019700000120792538,2.5354249477386475
398,2025-02-05,0.7332090139389038,25.872116088867188,96615.4453125,2787.779052734375,19.204370498657227,103.3876953125,195.98814392089844,0.0001939999929163605,2.382314920425415
399,2025-02-06,0.7050619721412659,24.507278442382812,96593.296875,2688.40087890625,18.59428596496582,101.6890869140625,189.77249145507812,0.0001939999929163605,2.3268799781799316
400,2025-02-07,0.7070930004119873,24.450775146484375,96529.0859375,2622.211181640625,18.386972427368164,103.2164077758789,192.20465087890625,0.0001939999929163605,2.393583059310913
401,2025-02-08,0.7018489837646484,24.599567413330078,96482.453125,2632.308349609375,18.464569091796875,104.68509674072266,199.5998992919922,0.0001939999929163605,2.4243760108947754
402,2025-02-09,0.6827009916305542,24.912887573242188,96500.09375,2628.72119140625,18.30515480041504,107.45870208740234,200.49755859375,0.0001939999929163605,2.396939992904663
403,2025-02-10,0.7106930017471313,25.63951873779297,97437.5546875,2661.166748046875,18.766145706176758,120.08202362060547,200.35635375976562,0.000195999993593432,2.422696113586426
404,2025-02-11,0.7793989777565002,25.39145851135254,95747.4296875,2602.781982421875,18.642301559448242,119.69583129882812,197.98236083984375,0.00019299999985378236,2.4142160415649414
405,2025-02-12,0.7992240190505981,26.493667602539062,97885.859375,2736.902099609375,19.180673599243164,122.0439224243164,196.7738037109375,0.00019700000120792538,2.472835063934326
406,2025-02-13,0.8107420206069946,25.416154861450195,96623.8671875,2675.902587890625,18.558940887451172,126.31777954101562,194.46095275878906,0.0001939999929163605,2.5625150203704834
407,2025-02-14,0.8005070090293884,26.39476776123047,97508.96875,2726.091552734375,19.41437530517578,125.12673950195312,199.9356689453125,0.000195999993593432,2.7401959896087646
408,2025-02-15,0.7811099886894226,25.489839553833008,97580.3515625,2693.559814453125,18.98305892944336,133.84043884277344,194.48208618164062,0.000195999993593432,2.76157808303833
409,2025-02-16,0.772005021572113,24.837257385253906,96175.03125,2663.31591796875,18.70529556274414,125.55438232421875,188.4864044189453,0.00019299999985378236,2.7278249263763428
410,2025-02-17,0.8080250024795532,25.0288143157959,95773.3828125,2743.19970703125,19.099895477294922,122.30784606933594,177.6897430419922,0.00019200000679120421,2.658273935317993
411,2025-02-18,0.7523630261421204,23.48827362060547,95539.546875,2669.3388671875,17.83260726928711,129.49008178710938,169.08428955078125,0.00019200000679120421,2.558877944946289
412,2025-02-19,0.7729430198669434,23.72795867919922,96635.609375,2715.77099609375,17.978578567504883,135.21470642089844,169.01080322265625,0.0001939999929163605,2.7408010959625244
413,2025-02-20,0.8044739961624146,25.14973258972168,98333.9375,2740.386474609375,18.298744201660156,130.60191345214844,176.04888916015625,0.00019799999427050352,2.6908280849456787
414,2025-02-21,0.7613710165023804,24.5191650390625,96125.546875,2659.655517578125,17.39421272277832,128.05027770996094,168.89163208007812,0.00019299999985378236,2.5701398849487305
415,2025-02-22,0.7744519710540771,25.816495895385742,96577.7578125,2764.029296875,17.76429557800293,126.0592269897461,172.16285705566406,0.0001939999929163605,2.5757060050964355
416,2025-02-23,0.7700409889221191,24.88555335998535,96273.921875,2821.310302734375,17.6387882232666,129.94187927246094,168.03811645507812,0.0001939999929163605,2.5770199298858643
417,2025-02-24,0.6822019815444946,21.88091278076172,91418.171875,2513.8212890625,15.247294425964355,114.46142578125,141.98948669433594,0.00018400000408291817,2.2779290676116943
418,2025-02-25,0.6825820207595825,21.931367874145508,88736.171875,2493.592529296875,15.29446029663086,114.61450958251953,144.10775756835938,0.00017800000205170363,2.3207170963287354
419,2025-02-26,0.6450380086898804,21.797014236450195,84347.0234375,2331.45263671875,15.207539558410645,124.62174224853516,134.83132934570312,0.00016900000628083944,2.1924350261688232
420,2025-02-27,0.6455850005149841,22.493072509765625,84704.2265625,2305.484375,15.106882095336914,126.77029418945312,137.6208038330078,0.00016999999934341758,2.198647975921631
421,2025-02-28,0.6330509781837463,22.368793487548828,84373.0078125,2237.9052734375,14.81668758392334,127.96198272705078,148.03001403808594,0.00016999999934341758,2.145595073699951
422,2025-03-01,0.6592649817466736,21.871139526367188,86031.9140625,2216.643310546875,14.788805961608887,124.26994323730469,143.6757049560547,0.00017299999308306724,2.190603017807007
423,2025-03-02,1.1295030117034912,24.94097328186035,94248.3515625,2519.694580078125,17.41300392150879,127.49488830566406,178.49549865722656,0.00018899999849963933,2.9369421005249023
424,2025-03-03,0.8552640080451965,20.9365177154541,86065.671875,2145.573974609375,14.450200080871582,109.94983673095703,142.02108764648438,0.00017299999308306724,2.385741949081421
425,2025-03-04,0.941277027130127,20.008602142333984,87222.1953125,2170.01513671875,14.875398635864258,103.70933532714844,144.9165802001953,0.00017499999376013875,2.455146074295044
426,2025-03-05,0.9753559827804565,21.728666305541992,90623.5625,2241.977294921875,16.462270736694336,104.7320785522461,146.26730346679688,0.00018200000340584666,2.500509023666382
427,2025-03-06,0.9075520038604736,21.02910804748535,89961.7265625,2202.476806640625,17.070051193237305,103.39810180664062,143.355224609375,0.00018099999579135329,2.601728916168213
428,2025-03-07,0.8167999982833862,20.0969295501709,86742.671875,2138.987548828125,15.938858985900879,103.48184204101562,139.20913696289062,0.0001740000006975606,2.3816239833831787
429,2025-03-08,0.8046919703483582,20.471092224121094,86154.59375,2201.51025390625,15.251073837280273,102.25264739990234,136.94207763671875,0.00017299999308306724,2.323438882827759
430,2025-03-09,0.7201489806175232,17.957881927490234,80601.0390625,2015.5091552734375,13.77341079711914,94.47103881835938,126.43543243408203,0.00016199999663513154,2.1345760822296143
431,2025-03-10,0.6725969910621643,16.28597068786621,78532.0,1861.1513671875,12.69313907623291,87.55799102783203,118.291748046875,0.00015799999528098851,2.018294095993042
432,2025-03-11,0.722586989402771,17.47471809387207,82862.2109375,1919.844970703125,13.099883079528809,90.33271789550781,125.26394653320312,0.00016599999798927456,2.1669158935546875
433,2025-03-12,0.7354440093040466,18.89916229248047,83722.359375,1908.982666015625,13.482376098632812,91.48965454101562,126.58324432373047,0.00016799999866634607,2.240755081176758
434,2025-03-13,0.7022889852523804,18.499713897705078,81066.703125,1862.9696044921875,13.027454376220703,88.03050231933594,123.28614807128906,0.0001630000042496249,2.2510080337524414
435,2025-03-14,0.738315999507904,18.569934844970703,83969.1015625,1909.467529296875,13.679569244384766,91.33390808105469,133.31448364257812,0.00016900000628083944,2.356442928314209
436,2025-03-15,0.7482889890670776,19.41447639465332,84343.109375,1937.3946533203125,14.037820816040039,92.5405502319336,135.91253662109375,0.00016999999934341758,2.393238067626953
437,2025-03-16,0.7057639956474304,18.291139602661133,82579.6875,1887.43505859375,13.371051788330078,90.34935760498047,125.98810577392578,0.00016599999798927456,2.2978670597076416
438,2025-03-17,0.7180920243263245,18.832107543945312,84075.6875,1927.0029296875,14.035404205322266,92.36361694335938,128.16371154785156,0.00016900000628083944,2.3406379222869873
439,2025-03-18,0.702081024646759,19.001611709594727,82718.5,1932.54345703125,13.92329216003418,90.08269500732422,125.31269836425781,0.00016599999798927456,2.2869598865509033
440,2025-03-19,0.7441999912261963,19.74834632873535,86854.2265625,2057.7490234375,15.012786865234375,94.05044555664062,135.572509765625,0.0001740000006975606,2.5458409786224365
441,2025-03-20,0.7175170183181763,18.730924606323242,84167.1953125,1982.099853515625,14.215102195739746,93.28262329101562,127.49718475341797,0.00016900000628083944,2.434674024581909
442,2025-03-21,0.7051169872283936,19.154340744018555,84043.2421875,1964.8475341796875,13.95905876159668,90.93335723876953,128.43031311035156,0.00016900000628083944,2.3792779445648193
443,2025-03-22,0.7009410262107849,19.420124053955078,83832.484375,1980.037841796875,14.22672176361084,91.2575454711914,128.4849853515625,0.00016799999866634607,2.369823932647705
444,2025-03-23,0.7095080018043518,19.811660766601562,86054.375,2005.2991943359375,14.435689926147461,91.41535186767578,132.5993194580078,0.00017299999308306724,2.435492992401123
445,2025-03-24,0.7309949994087219,21.46042823791504,87498.9140625,2077.47900390625,15.089212417602539,93.67450714111328,140.86927795410156,0.00017600000137463212,2.448162078857422
446,2025-03-25,0.745199978351593,22.924375534057617,87471.703125,2067.76416015625,15.455079078674316,94.44954681396484,143.81707763671875,0.00017600000137463212,2.451349973678589
447,2025-03-26,0.7280619740486145,22.047786712646484,86900.8828125,2009.1893310546875,15.259174346923828,92.33674621582031,137.28857421875,0.00017499999376013875,2.349087953567505
448,2025-03-27,0.737671971321106,22.000259399414062,87177.1015625,2002.357421875,15.507801055908203,92.82347869873047,138.34738159179688,0.00017499999376013875,2.3382740020751953
449,2025-03-28,0.705551028251648,20.373674392700195,84353.1484375,1895.5029296875,14.244855880737305,87.3966293334961,129.42315673828125,0.00016999999934341758,2.204137086868286
450,2025-03-29,0.6739220023155212,19.654756546020508,82597.5859375,1827.3203125,13.545989036560059,85.4487533569336,124.587646484375,0.00016599999798927456,2.139949083328247
451,2025-03-30,0.6607080101966858,18.862831115722656,82334.5234375,1806.2186279296875,13.387308120727539,86.00347137451172,124.64263153076172,0.00016599999798927456,2.1361429691314697
452,2025-03-31,0.6409363746643066,18.455472946166992,81841.609375,1795.2154541015625,13.18082332611084,83.06010437011719,124.92460632324219,0.00016456135199405253,2.0638275146484375
